holeid,from,to,length,sampleid,samplingtype,Au_ppm,Ag_ppm,Cu_pr,Zn_pr,Depth,Easting,Northing,Elevation
ASDD03,0,2,2,ASDD03-20,CORE,0.025,5,0.0321,,0.00,551007.00,4518569.00,977.00
ASDD03,2,4,2,ASDD03-21,CORE,0.025,5,0.0567,,2.00,551006.85,4518568.48,975.08
ASDD03,4,6,2,ASDD03-22,CORE,0.025,5,0.0319,,4.00,551006.70,4518567.95,973.15
ASDD03,6,8,2,ASDD03-23,CORE,0.025,5,0.0302,,6.00,551006.54,4518567.43,971.23
ASDD03,8,10,2,ASDD03-24,CORE,0.025,5,0.028,,8.00,551006.39,4518566.91,969.30
ASDD03,10,12,2,ASDD03-25,CORE,0.025,5,0.0255,,10.00,551006.24,4518566.39,967.38
ASDD03,12,14,2,ASDD03-26,CORE,0.025,5,0.026,,12.00,551006.09,4518565.86,965.45
ASDD03,14,15.3,1.3,ASDD03-27,CORE,0.025,5,0.0246,,14.00,551005.94,4518565.34,963.53
ASDD03,15.3,17.3,2,ASDD03-28,CORE,0.025,5,0.0352,,15.30,551005.84,4518565.00,962.28
ASDD03,17.3,19.3,2,ASDD03-29,CORE,0.025,5,0.0343,,17.30,551005.69,4518564.48,960.35
ASDD03,19.3,20.5,1.2,ASDD03-30,CORE,0.025,5,0.0243,,19.30,551005.53,4518563.95,958.43
ASDD03,20.5,22.5,2,ASDD03-31,CORE,0.025,5,0.0272,,20.50,551005.44,4518563.64,957.27
ASDD03,22.5,24.5,2,ASDD03-32,CORE,0.025,5,0.0276,,22.50,551005.29,4518563.12,955.35
ASDD03,24.5,26.5,2,ASDD03-33,CORE,0.025,5,0.03,,24.50,551005.14,4518562.59,953.43
ASDD03,26.5,28.3,1.8,ASDD03-34,CORE,0.025,5,0.0251,,26.50,551004.99,4518562.07,951.50
ASDD03,28.3,30.3,2,ASDD03-35,CORE,0.025,5,0.0233,,28.30,551004.85,4518561.60,949.77
ASDD03,30.3,32.3,2,ASDD03-36,CORE,0.025,5,0.0256,,30.30,551004.70,4518561.08,947.84
ASDD03,32.3,34.3,2,ASDD03-37,CORE,0.025,5,0.0246,,32.30,551004.55,4518560.55,945.92
ASDD03,34.3,35.3,1,ASDD03-38,CORE,0.025,5,0.0253,,34.30,551004.39,4518560.03,944.00
ASDD03,35.3,37.3,2,ASDD03-39,CORE,0.025,5,0.028,,35.30,551004.32,4518559.77,943.03
ASDD03,37.3,39.3,2,ASDD03-40,CORE,0.025,5,0.0281,,37.30,551004.17,4518559.25,941.11
ASDD03,39.3,40.3,1,ASDD03-41,CORE,0.025,5,0.0274,,39.30,551004.01,4518558.72,939.18
ASDD03,40.3,42.3,2,ASDD03-42,CORE,0.025,5,0.0291,,40.30,551003.94,4518558.46,938.22
ASDD03,42.3,44,1.7,ASDD03-43,CORE,0.025,5,0.1089,,42.30,551003.79,4518557.94,936.30
ASDD03,44,44.5,0.5,ASDD03-44,CORE,0.025,5,0.0231,,44.00,551003.66,4518557.50,934.66
ASDD03,44.5,46.3,1.8,ASDD03-45,CORE,0.025,5,0.0282,,44.50,551003.62,4518557.36,934.18
ASDD03,46.3,47.3,1,ASDD03-46,CORE,0.025,5,0.0257,,46.30,551003.48,4518556.89,932.45
ASDD03,47.3,48.3,1,ASDD03-47,CORE,0.025,5,0.0311,,47.30,551003.41,4518556.63,931.49
ASDD03,48.3,49.3,1,ASDD03-48,CORE,0.025,5,0.0275,,48.30,551003.33,4518556.37,930.52
ASDD03,49.3,51.3,2,ASDD03-49,CORE,0.025,5,0.0242,,49.30,551003.25,4518556.11,929.56
ASDD03,51.3,53.3,2,ASDD03-50,CORE,0.025,5,0.0285,,51.30,551003.10,4518555.59,927.64
ASDD03,53.3,55.3,2,ASDD03-51,CORE,0.025,5,0.0215,,53.30,551002.95,4518555.06,925.71
ASDD03,55.3,56.3,1,ASDD03-52,CORE,0.025,5,0.0247,,55.30,551002.80,4518554.54,923.79
ASDD03,56.3,57.5,1.2,ASDD03-53,CORE,0.025,5,0.0224,,56.30,551002.72,4518554.28,922.83
ASDD03,57.5,59.3,1.8,ASDD03-54,CORE,0.025,5,0.0207,,57.50,551002.63,4518553.97,921.67
ASDD03,59.3,61,1.7,ASDD03-55,CORE,0.025,5,0.016,,59.30,551002.50,4518553.49,919.94
ASDD03,61,62.5,1.5,ASDD03-56,CORE,0.025,5,0.018,,61.00,551002.37,4518553.05,918.30
ASDD03,62.5,64,1.5,ASDD03-57,CORE,0.025,5,0.0176,,62.50,551002.25,4518552.66,916.86
ASDD03,64,65.5,1.5,ASDD03-58,CORE,0.025,5,0.0201,,64.00,551002.14,4518552.27,915.42
ASDD03,65.5,67,1.5,ASDD03-59,CORE,0.025,5,0.0198,,65.50,551002.02,4518551.87,913.97
ASDD03,67,68.5,1.5,ASDD03-60,CORE,0.025,5,0.0188,,67.00,551001.91,4518551.48,912.53
ASDD03,68.5,69.5,1,ASDD03-61,CORE,0.047,5,0.0033,0.003,68.50,551001.80,4518551.09,911.09
ASDD03,69.5,70.5,1,ASDD03-62,CORE,0.05,5,0.0001,0.001,69.50,551001.72,4518550.83,910.13
ASDD03,70.5,72.3,1.8,ASDD03-63,CORE,0.025,5,0.0064,0.0025,70.50,551001.64,4518550.57,909.16
ASDD03,72.3,74.3,2,ASDD03-64,CORE,0.025,5,0.0014,0.0001,72.30,551001.51,4518550.10,907.43
ASDD03,74.3,76,1.7,ASDD03-65,CORE,0.025,5,0.0001,0.0001,74.30,551001.36,4518549.57,905.51
ASDD03,76,76.9,0.9,ASDD03-66,CORE,0.025,5,0.0001,0.0001,76.00,551001.23,4518549.13,903.87
ASDD03,76.9,77.4,0.5,ASDD03-67,CORE,0.025,5,0.0061,0.0001,76.90,551001.16,4518548.89,903.01
ASDD03,77.4,79,1.6,ASDD03-68,CORE,0.025,5,0.0034,0.0001,77.40,551001.12,4518548.76,902.52
ASDD03,79,80.5,1.5,ASDD03-69,CORE,0.025,5,0.0021,0.0001,79.00,551001.00,4518548.34,900.98
ASDD03,80.5,82,1.5,ASDD03-70,CORE,0.025,5,0.0979,0.0192,80.50,551000.88,4518547.95,899.54
ASDD03,82,83.5,1.5,ASDD03-71,CORE,0.025,5,0.0428,0.005,82.00,551000.77,4518547.56,898.10
ASDD03,83.5,85,1.5,ASDD03-72,CORE,0.025,5,0.0082,0.0013,83.50,551000.66,4518547.17,896.65
ASDD03,85,86.5,1.5,ASDD03-73,CORE,0.025,5,0.0032,0.0017,85.00,551000.54,4518546.78,895.21
ASDD03,86.5,88,1.5,ASDD03-74,CORE,0.025,5,0.011,0.0058,86.50,551000.43,4518546.38,893.77
ASDD03,88,89.5,1.5,ASDD03-75,CORE,0.025,5,0.0071,0.0023,88.00,551000.32,4518545.99,892.32
ASDD03,89.5,91,1.5,ASDD03-76,CORE,0.025,5,0.0022,0.0001,89.50,551000.20,4518545.60,890.88
ASDD03,91,92.5,1.5,ASDD03-77,CORE,0.025,5,0.0001,0.002,91.00,551000.09,4518545.21,889.44
ASDD03,92.5,94,1.5,ASDD03-78,CORE,0.025,5,0.0001,0.0013,92.50,550999.97,4518544.81,887.99
ASDD03,94,95.5,1.5,ASDD03-79,CORE,0.025,5,0.0001,0.0014,94.00,550999.86,4518544.42,886.55
ASDD03,95.5,97,1.5,ASDD03-80,CORE,0.025,5,0.0014,0.0001,95.50,550999.75,4518544.03,885.11
ASDD03,97,98.3,1.3,ASDD03-81,CORE,0.025,5,0.0082,0.0031,97.00,550999.63,4518543.64,883.66
ASDD03,98.3,100,1.7,ASDD03-82,CORE,0.025,5,0.0001,0.0001,98.30,550999.53,4518543.30,882.41
ASDD03,100,101.5,1.5,ASDD03-83,CORE,0.025,5,0.0001,0.0001,100.00,550999.40,4518542.85,880.78
ASDD03,101.5,103,1.5,ASDD03-84,CORE,0.025,5,0.0001,0.0019,101.50,550999.29,4518542.46,879.33
ASDD03,103,104.5,1.5,ASDD03-85,CORE,0.025,5,0.0032,0.0001,103.00,550999.18,4518542.07,877.89
ASDD03,104.5,106,1.5,ASDD03-86,CORE,0.025,5,0.0001,0.0025,104.50,550999.06,4518541.68,876.45
ASDD03,106,107.5,1.5,ASDD03-87,CORE,0.025,5,0.0001,0.0053,106.00,550998.95,4518541.28,875.00
ASDD03,107.5,109,1.5,ASDD03-88,CORE,0.046,5,0.0001,0.0046,107.50,550998.83,4518540.89,873.56
ASDD03,109,110.5,1.5,ASDD03-89,CORE,0.046,5,0.0001,0.0055,109.00,550998.72,4518540.50,872.12
ASDD03,110.5,112,1.5,ASDD03-90,CORE,0.057,5,0.0026,0.0041,110.50,550998.61,4518540.11,870.67
ASDD03,112,113.5,1.5,ASDD03-91,CORE,0.025,5,0.003,0.0031,112.00,550998.49,4518539.72,869.23
ASDD03,113.5,115,1.5,ASDD03-92,CORE,0.025,5,0.0017,0.0028,113.50,550998.38,4518539.32,867.79
ASDD03,115,116.5,1.5,ASDD03-93,CORE,0.025,5,0.0001,0.0029,115.00,550998.26,4518538.93,866.34
ASDD03,116.5,118,1.5,ASDD03-94,CORE,0.025,5,0.0001,0.0024,116.50,550998.15,4518538.54,864.90
ASDD03,118,119.5,1.5,ASDD03-95,CORE,0.025,5,0.0001,0.0001,118.00,550998.04,4518538.15,863.46
ASDD03,119.5,121,1.5,ASDD03-96,CORE,0.025,5,0.0001,0.0016,119.50,550997.92,4518537.75,862.01
ASDD03,121,122.5,1.5,ASDD03-97,CORE,0.025,5,0.0001,0.0001,121.00,550997.81,4518537.36,860.57
ASDD03,122.5,124,1.5,ASDD03-98,CORE,0.025,5,0.0001,0.0001,122.50,550997.69,4518536.97,859.13
ASDD03,124,125.5,1.5,ASDD03-99,CORE,0.025,5,0.0001,0.0001,124.00,550997.58,4518536.58,857.68
ASDD03,125.5,127,1.5,ASDD03-100,CORE,0.025,5,0.003,0.0001,125.50,550997.47,4518536.19,856.24
ASDD03,127,128.5,1.5,ASDD03-101,CORE,0.025,5,0.0029,0.0043,127.00,550997.35,4518535.79,854.80
ASDD03,128.5,130,1.5,ASDD03-102,CORE,0.025,5,0.0001,0.0001,128.50,550997.24,4518535.40,853.35
ASDD03,130,131.5,1.5,ASDD03-103,CORE,0.025,5,0.0001,0.0019,130.00,550997.12,4518535.01,851.91
ASDD03,131.5,133,1.5,ASDD03-104,CORE,0.025,5,0.0013,0.0036,131.50,550997.01,4518534.62,850.47
ASDD03,133,134.5,1.5,ASDD03-105,CORE,0.025,5,0.0001,0.0045,133.00,550996.90,4518534.22,849.03
ASDD03,134.5,136,1.5,ASDD03-106,CORE,0.025,5,0.0001,0.0014,134.50,550996.78,4518533.83,847.58
ASDD03,136,137.5,1.5,ASDD03-107,CORE,0.025,5,0.0001,0.0027,136.00,550996.67,4518533.44,846.14
ASDD03,137.5,139,1.5,ASDD03-108,CORE,0.025,5,0.0012,0.0023,137.50,550996.55,4518533.05,844.70
ASDD03,139,140.5,1.5,ASDD03-109,CORE,0.025,5,0.0014,0.0024,139.00,550996.44,4518532.66,843.25
ASDD03,140.5,142,1.5,ASDD03-110,CORE,0.046,5,0.0001,0.003,140.50,550996.33,4518532.26,841.81
ASDD03,142,143.5,1.5,ASDD03-111,CORE,0.025,5,0.0001,0.0029,142.00,550996.21,4518531.87,840.37
ASDD03,143.5,145,1.5,ASDD03-112,CORE,0.08,5,0.0001,0.0033,143.50,550996.10,4518531.48,838.92
ASDD03,145,146.5,1.5,ASDD03-113,CORE,0.069,5,0.0001,0.0011,145.00,550995.99,4518531.09,837.48
ASDD03,146.5,148,1.5,ASDD03-114,CORE,0.025,5,0.0001,0.0027,146.50,550995.87,4518530.69,836.04
ASDD03,148,149.5,1.5,ASDD03-115,CORE,0.025,5,0.0001,0.0039,148.00,550995.76,4518530.30,834.59
ASDD03,149.5,151,1.5,ASDD03-116,CORE,0.025,5,0.0001,0.006,149.50,550995.64,4518529.91,833.15
ASDD03,151,152.5,1.5,ASDD03-117,CORE,0.025,5,0.0001,0.0031,151.00,550995.53,4518529.52,831.71
ASDD03,152.5,154,1.5,ASDD03-118,CORE,0.025,5,0.0001,0.0042,152.50,550995.42,4518529.13,830.26
ASDD03,154,155.5,1.5,ASDD03-119,CORE,0.025,5,0.0001,0.0038,154.00,550995.30,4518528.73,828.82
ASDD03,155.5,157,1.5,ASDD03-120,CORE,0.025,5,0.0001,0.0001,155.50,550995.19,4518528.34,827.38
ASDD03,157,158.5,1.5,ASDD03-121,CORE,0.025,5,0.0098,0.192,157.00,550995.07,4518527.95,825.93
ASDD03,158.5,160,1.5,ASDD03-122,CORE,0.025,5,0.0061,0.0057,158.50,550994.96,4518527.56,824.49
ASDD03,160,161.5,1.5,ASDD03-123,CORE,0.025,5,0.0031,0.0001,160.00,550994.85,4518527.16,823.05
ASDD03,161.5,163,1.5,ASDD03-124,CORE,0.025,5,0.0027,0.0001,161.50,550994.73,4518526.77,821.60
ASDD03,163,164.6,1.6,ASDD03-125,CORE,0.025,5,0.003,0.0029,163.00,550994.62,4518526.38,820.16
ASDD03,164.6,165.3,0.7,ASDD03-126,CORE,0.025,5,0.0107,0.0038,164.60,550994.50,4518525.96,818.62
ASDD03,165.3,166.3,1,ASDD03-127,CORE,0.025,5,0.0035,0.0033,165.30,550994.44,4518525.78,817.95
ASDD03,166.3,167.3,1,ASDD03-128,CORE,0.025,5,0.0019,0.0001,166.30,550994.37,4518525.52,816.98
ASDD03,167.3,169,1.7,ASDD03-129,CORE,0.025,5,0.0015,0.0001,167.30,550994.29,4518525.26,816.02
ASDD03,169,170.6,1.6,ASDD03-130,CORE,0.025,5,0.0028,0.0014,169.00,550994.16,4518524.81,814.39
ASDD03,170.6,172,1.4,ASDD03-131,CORE,0.025,5,0.0032,0.0001,170.60,550994.04,4518524.39,812.85
ASDD03,172,172.6,0.6,ASDD03-132,CORE,0.025,5,0.0001,0.0014,172.00,550993.93,4518524.03,811.50
ASDD03,172.6,174.3,1.7,ASDD03-133,CORE,0.025,,,,172.60,550993.89,4518523.87,810.92
ASDD03,174.3,175.3,1,ASDD03-134,CORE,0.025,5,0.0037,0.0001,174.30,550993.76,4518523.43,809.29
ASDD03,175.3,176.8,1.5,ASDD03-135,CORE,0.025,5,0.0089,0.0073,175.30,550993.68,4518523.16,808.32
ASDD03,176.8,178.3,1.5,ASDD03-136,CORE,0.025,5,0.0009,0.0001,176.80,550993.57,4518522.77,806.88
ASDD03,178.3,179.5,1.2,ASDD03-137,CORE,0.025,5,0.011,0.0091,178.30,550993.46,4518522.38,805.44
ASDD03,179.5,181.1,1.6,ASDD03-138,CORE,0.025,5,0.0035,0.0001,179.50,550993.36,4518522.07,804.28
ASDD03,181.1,181.9,0.8,ASDD03-139,CORE,0.025,5,0.0017,0.0016,181.10,550993.24,4518521.65,802.74
ASDD03,181.9,183.3,1.4,ASDD03-140,CORE,0.025,5,0.0001,0.0001,181.90,550993.18,4518521.44,801.97
ASDD03,183.3,184.8,1.5,ASDD03-141,CORE,0.025,5,0.0027,0.0001,183.30,550993.08,4518521.07,800.63
ASDD03,184.8,186.3,1.5,ASDD03-142,CORE,0.025,5,0.0019,0.0001,184.80,550992.96,4518520.68,799.18
ASDD03,186.3,187.8,1.5,ASDD03-143,CORE,0.025,5,0.0019,0.0001,186.30,550992.85,4518520.29,797.74
ASDD03,187.8,189.3,1.5,ASDD03-144,CORE,0.025,5,0.0001,0.0001,187.80,550992.73,4518519.90,796.30
ASDD03,189.3,190.8,1.5,ASDD03-145,CORE,0.025,5,0.0027,0.0001,189.30,550992.62,4518519.50,794.85
ASDD03,190.8,192.3,1.5,ASDD03-146,CORE,0.025,5,0.0001,0.0001,190.80,550992.51,4518519.11,793.41
ASDD03,192.3,193.8,1.5,ASDD03-147,CORE,0.025,5,0.0001,0.0001,192.30,550992.39,4518518.72,791.97
ASDD03,193.8,195.3,1.5,ASDD03-148,CORE,0.025,5,0.0021,0.0001,193.80,550992.28,4518518.33,790.52
ASDD03,195.3,196.8,1.5,ASDD03-149,CORE,0.025,5,0.0001,0.0001,195.30,550992.16,4518517.94,789.08
ASDD03,196.8,198.3,1.5,ASDD03-150,CORE,0.025,5,0.0001,0.0001,196.80,550992.05,4518517.54,787.64
ASDD03,198.3,199.8,1.5,ASDD03-151,CORE,0.025,5,0.0001,0.0001,198.30,550991.94,4518517.15,786.19
ASDD03,199.8,201.3,1.5,ASDD03-152,CORE,0.025,5,0.0001,0.0001,199.80,550991.82,4518516.76,784.75
ASDD03,201.3,202.1,0.8,ASDD03-153,CORE,0.025,5,0.0026,0.0001,201.30,550991.71,4518516.37,783.31
ASDD03,202.1,203.3,1.2,ASDD03-154,CORE,0.025,5,0.0087,0.002,202.10,550991.65,4518516.16,782.54
ASDD03,203.3,204.8,1.5,ASDD03-155,CORE,0.025,5,0.0027,0.0016,203.30,550991.56,4518515.84,781.38
ASDD03,204.8,206.3,1.5,ASDD03-156,CORE,0.025,5,0.0016,0.0001,204.80,550991.44,4518515.45,779.94
ASDD03,206.3,207.8,1.5,ASDD03-157,CORE,0.025,5,0.0051,0.0001,206.30,550991.33,4518515.06,778.49
ASDD03,207.8,209.3,1.5,ASDD03-158,CORE,0.025,5,0.0001,0.0001,207.80,550991.21,4518514.67,777.05
ASDD03,209.3,210.8,1.5,ASDD03-159,CORE,0.025,5,0.0036,0.0001,209.30,550991.10,4518514.27,775.61
ASDD03,210.8,212.3,1.5,ASDD03-160,CORE,0.025,5,0.0045,0.0001,210.80,550990.99,4518513.88,774.16
ASDD03,212.3,213.8,1.5,ASDD03-161,CORE,0.025,5,0.0034,0.0012,212.30,550990.87,4518513.49,772.72
ASDD03,213.8,215.3,1.5,ASDD03-162,CORE,0.025,5,0.0018,0.0001,213.80,550990.76,4518513.10,771.28
ASDD03,215.3,216.8,1.5,ASDD03-163,CORE,0.025,5,0.0001,0.0001,215.30,550990.65,4518512.71,769.83
ASDD03,216.8,218.3,1.5,ASDD03-164,CORE,0.025,5,0.0062,0.0001,216.80,550990.53,4518512.31,768.39
ASDD03,218.3,219.9,1.6,ASDD03-165,CORE,0.025,5,0.003,0.0012,218.30,550990.42,4518511.92,766.95
ASDD03,219.9,220.3,0.4,ASDD03-166,CORE,0.025,5,0.0001,0.0001,219.90,550990.30,4518511.50,765.41
ASDD03,220.3,221.3,1,ASDD03-167,CORE,0.025,5,0.0024,0.0001,220.30,550990.27,4518511.40,765.02
ASDD03,221.3,222.3,1,ASDD03-168,CORE,0.025,5,0.0036,0.0018,221.30,550990.19,4518511.14,764.06
ASDD03,222.3,222.6,0.3,ASDD03-19,CORE,0.025,5,0.0048,0.0046,222.30,550990.11,4518510.88,763.10
ASDD03,222.6,223.6,1,ASDD03-01,CORE,0.025,5,0.059,0.025,222.60,550990.09,4518510.80,762.81
ASDD03,223.6,224.6,1,ASDD03-02,CORE,0.025,5,0.028,0.022,223.60,550990.01,4518510.54,761.85
ASDD03,224.6,225.6,1,ASDD03-03,CORE,0.025,5,0.029,0.023,224.60,550989.94,4518510.27,760.89
ASDD03,225.6,226.6,1,ASDD03-04,CORE,0.025,5,0.036,0.026,225.60,550989.86,4518510.01,759.92
ASDD03,226.6,227.6,1,ASDD03-05,CORE,0.025,5,0.028,0.04,226.60,550989.79,4518509.75,758.96
ASDD03,227.6,228.3,0.7,ASDD03-06,CORE,0.06,5,0.048,0.029,227.60,550989.71,4518509.49,758.00
ASDD03,228.3,228.74,0.44,ASDD03-07,CORE,0.025,5,0.03,0.02,228.30,550989.66,4518509.31,757.33
ASDD03,228.74,230,1.26,ASDD03-08,CORE,4.22,74,1.64,1.09,228.74,550989.62,4518509.19,756.90
ASDD03,230,231,1,ASDD03-10,CORE,2.23,77,4.37,1.15,230.00,550989.53,4518508.86,755.69
ASDD03,231,232.15,1.15,ASDD03-11,CORE,4.54,119,5.1,0.78,231.00,550989.45,4518508.60,754.73
ASDD03,232.15,233,0.85,ASDD03-12,CORE,5.58,203,1,11.18,232.15,550989.37,4518508.30,753.62
ASDD03,233,234,1,ASDD03-13,CORE,0.28,12,0.138,0.325,233.00,550989.30,4518508.08,752.80
ASDD03,234,235.05,1.05,ASDD03-14,CORE,0.06,5,0.031,0.033,234.00,550989.22,4518507.82,751.84
ASDD03,235.05,236.1,1.05,ASDD03-16,CORE,0.08,5,0.04,0.032,235.05,550989.14,4518507.54,750.83
ASDD03,236.1,237.3,1.2,ASDD03-17,CORE,0.025,5,0.031,0.033,236.10,550989.06,4518507.27,749.82
ASDD03,237.3,238.3,1,ASDD03-18,CORE,0.025,5,0.032,0.034,237.30,550988.97,4518506.95,748.67
ASDD03,238.3,239.8,1.5,ASDD03-169,CORE,0.025,5,0.0033,0.0046,238.30,550988.90,4518506.69,747.70
ASDD03,239.8,241.3,1.5,ASDD03-170,CORE,0.025,5,0.0024,0.0035,239.80,550988.78,4518506.30,746.26
ASDD03,241.3,242.6,1.3,ASDD03-171,CORE,0.025,5,0.0033,0.0001,241.30,550988.67,4518505.91,744.82
ASDD03,242.6,242.9,0.3,ASDD03-172,CORE,0.025,5,0.0001,0.0001,242.60,550988.57,4518505.57,743.57
ASDD03,242.9,244.3,1.4,ASDD03-173,CORE,0.025,5,0.0023,0.0011,242.90,550988.55,4518505.49,743.28
ASDD03,244.3,245.8,1.5,ASDD03-174,CORE,0.025,5,0.0001,0.0035,244.30,550988.44,4518505.12,741.93
ASDD03,245.8,247.3,1.5,ASDD03-175,CORE,0.025,5,0.0001,0.0013,245.80,550988.33,4518504.73,740.49
ASDD03,247.3,248.7,1.4,ASDD03-176,CORE,0.025,5,0.0037,0.0028,247.30,550988.21,4518504.34,739.04
ASDD03,248.7,249.6,0.9,ASDD03-177,CORE,0.025,5,0.0039,0.0064,248.70,550988.11,4518503.97,737.70
ASDD03,249.6,251.3,1.7,ASDD03-178,CORE,0.025,5,0.0043,0.005,249.60,550988.04,4518503.74,736.83
ASDD03,251.3,252.8,1.5,ASDD03-179,CORE,0.025,5,0.0037,0.0075,251.30,550987.91,4518503.29,735.19
ASDD03,252.8,254.3,1.5,ASDD03-180,CORE,0.025,5,0.0033,0.0052,252.80,550987.80,4518502.90,733.75
ASDD03,254.3,255.8,1.5,ASDD03-181,CORE,0.025,5,0.0031,0.0068,254.30,550987.68,4518502.51,732.31
ASDD03,255.8,257.3,1.5,ASDD03-182,CORE,0.025,5,0.0086,0.0113,255.80,550987.57,4518502.12,730.86
ASDD03,257.3,258.8,1.5,ASDD03-183,CORE,0.025,5,0.0034,0.0101,257.30,550987.45,4518501.72,729.42
ASDD03,258.8,259.8,1,ASDD03-184,CORE,0.025,5,0.0038,0.0176,258.80,550987.34,4518501.33,727.98
ASDD03,259.8,261.3,1.5,ASDD03-185,CORE,0.025,5,0.0132,0.0065,259.80,550987.26,4518501.07,727.02
ASDD03,261.3,262.8,1.5,ASDD03-186,CORE,0.025,5,0.0144,0.0053,261.30,550987.15,4518500.68,725.57
ASDD03,262.8,263,0.2,ASDD03-187,CORE,0.025,5,0.0356,0.0012,262.80,550987.04,4518500.29,724.13
ASDD03,263,264.5,1.5,ASDD03-188,CORE,0.025,5,0.0161,0.0053,263.00,550987.02,4518500.23,723.94
ASDD03,264.5,266.3,1.8,ASDD03-189,CORE,0.025,5,0.0167,0.0046,264.50,550986.91,4518499.84,722.49
ASDD03,266.3,267.8,1.5,ASDD03-190,CORE,0.025,5,0.0226,0.0048,266.30,550986.77,4518499.37,720.76
ASDD03,267.8,268.3,0.5,ASDD03-191,CORE,0.025,5,0.0222,0.0066,267.80,550986.66,4518498.98,719.32
ASDD03,268.3,270,1.7,ASDD03-192,CORE,0.025,5,0.02,0.005,268.30,550986.62,4518498.85,718.84
ASDD03,270,271.3,1.3,ASDD03-193,CORE,0.025,5,0.0241,0.0048,270.00,550986.49,4518498.40,717.20
ASDD03,271.3,272.8,1.5,ASDD03-194,CORE,0.025,5,0.0239,0.0055,271.30,550986.39,4518498.06,715.95
ASDD03,272.8,274.3,1.5,ASDD03-195,CORE,0.025,5,0.0227,0.0086,272.80,550986.28,4518497.67,714.51
ASDD03,274.3,275.8,1.5,ASDD03-196,CORE,0.025,5,0.0183,0.0091,274.30,550986.16,4518497.28,713.06
ASDD03,275.8,276.3,0.5,ASDD03-197,CORE,0.025,5,0.0141,0.0099,275.80,550986.05,4518496.89,711.62
ASDD03,276.3,276.7,0.4,ASDD03-198,CORE,0.025,5,0.0272,0.0115,276.30,550986.01,4518496.76,711.14
ASDD03,276.7,277.1,0.4,ASDD03-199,CORE,0.025,5,0.0215,0.012,276.70,550985.98,4518496.65,710.75
ASDD03,277.1,277.5,0.4,ASDD03-200,CORE,0.025,5,0.022,0.0071,277.10,550985.95,4518496.55,710.37
ASDD03,277.5,279,1.5,ASDD03-201,CORE,0.025,5,0.0044,0.0132,277.50,550985.92,4518496.44,709.98
ASDD03,279,280.3,1.3,ASDD03-202,CORE,0.025,5,0.0271,0.0121,279.00,550985.81,4518496.05,708.54
ASDD03,280.3,281.8,1.5,ASDD03-203,CORE,0.025,5,0.0274,0.012,280.30,550985.71,4518495.71,707.29
ASDD03,281.8,283.3,1.5,ASDD03-204,CORE,0.025,5,0.0161,0.017,281.80,550985.59,4518495.32,705.85
ASDD03,283.3,284.8,1.5,ASDD03-205,CORE,0.025,5,0.035,0.0233,283.30,550985.48,4518494.93,704.40
ASDD03,284.8,286.3,1.5,ASDD03-206,CORE,0.025,5,0.0243,0.0049,284.80,550985.37,4518494.53,702.96
ASDD03,286.3,287.8,1.5,ASDD03-207,CORE,0.025,5,0.0146,0.0075,286.30,550985.25,4518494.14,701.52
ASDD03,287.8,289.3,1.5,ASDD03-208,CORE,0.025,5,0.0261,0.0105,287.80,550985.14,4518493.75,700.07
ASDD03,289.3,290.8,1.5,ASDD03-209,CORE,0.025,5,0.0222,0.0094,289.30,550985.02,4518493.36,698.63
ASDD03,290.8,292.3,1.5,ASDD03-210,CORE,0.025,5,0.0305,0.011,290.80,550984.91,4518492.96,697.19
ASDD03,292.3,294,1.7,ASDD03-211,CORE,0.025,5,0.0203,0.0071,292.30,550984.80,4518492.57,695.74
ASDD03,294,294.4,0.4,ASDD03-212,CORE,0.025,5,0.0106,0.0072,294.00,550984.67,4518492.13,694.11
ASDD03,294.4,294.7,0.3,ASDD03-213,CORE,0.025,5,0.0001,0.0001,294.40,550984.64,4518492.02,693.72
ASDD03,294.7,296.3,1.6,ASDD03-214,CORE,0.025,5,0.0001,0.0001,294.70,550984.61,4518491.95,693.43
ASDD03,296.3,297.2,0.9,ASDD03-215,CORE,0.025,5,0.0001,0.0001,296.30,550984.49,4518491.53,691.89
ASDD03,297.2,298.4,1.2,ASDD03-216,CORE,0.025,5,0.0001,0.0001,297.20,550984.42,4518491.29,691.03
ASDD03,298.4,299.3,0.9,ASDD03-217,CORE,0.025,5,0.0001,0.0001,298.40,550984.33,4518490.98,689.87
ASDD03,299.3,300.8,1.5,ASDD03-218,CORE,0.025,5,0.0001,0.0001,299.30,550984.26,4518490.74,689.01
ASDD03,300.8,302.3,1.5,ASDD03-219,CORE,0.025,5,0.0063,0.0101,300.80,550984.15,4518490.35,687.56
ASDD03,302.3,303.1,0.8,ASDD03-220,CORE,0.025,5,0.0115,0.0118,302.30,550984.04,4518489.96,686.12
ASDD03,303.1,304.3,1.2,ASDD03-221,CORE,0.025,5,0.0055,0.0031,303.10,550983.98,4518489.75,685.35
ASDD03,304.3,305.3,1,ASDD03-222,CORE,0.025,5,0.002,0.0001,304.30,550983.88,4518489.43,684.20
ASDD03,305.3,306.3,1,ASDD03-223,CORE,0.025,5,0.0077,0.0014,305.30,550983.81,4518489.17,683.23
ASDD03,306.3,307.8,1.5,ASDD03-224,CORE,0.025,5,0.0031,0.0011,306.30,550983.73,4518488.91,682.27
ASDD03,307.8,309.3,1.5,ASDD03-225,CORE,0.025,5,0.0013,0.0037,307.80,550983.62,4518488.52,680.83
ASDD03,309.3,310.8,1.5,ASDD03-226,CORE,0.025,5,0.0015,0.0013,309.30,550983.50,4518488.13,679.39
ASDD03,310.8,312.3,1.5,ASDD03-227,CORE,0.025,5,0.0024,0.0047,310.80,550983.39,4518487.74,677.94
ASDD03,312.3,313.8,1.5,ASDD03-228,CORE,0.025,5,0.0026,0.0015,312.30,550983.28,4518487.34,676.50
ASDD03,313.8,315.4,1.6,ASDD03-229,CORE,0.025,5,0.006,0.0001,313.80,550983.16,4518486.95,675.06
ASDD03,315.4,317,1.6,ASDD03-230,CORE,0.025,5,0.0033,0.0001,315.40,550983.04,4518486.53,673.52
ASDD03,317,317.4,0.4,ASDD03-231,CORE,0.025,5,0.0017,0.0001,317.00,550982.92,4518486.11,671.98
ASDD03,317.4,317.55,0.15,ASDD03-232,CORE,0.025,5,0.0017,0.0001,317.40,550982.89,4518486.01,671.59
ASDD03,317.55,318.3,0.75,ASDD03-233,CORE,0.025,5,0.002,0.0001,317.55,550982.88,4518485.97,671.45
ASDD03,318.3,318.5,0.2,ASDD03-234,CORE,0.025,5,0.0031,0.0001,318.30,550982.82,4518485.77,670.73
ASDD03,318.5,319,0.5,ASDD03-235,CORE,0.025,5,0.0013,0.0019,318.50,550982.81,4518485.72,670.53
ASDD03,319,319.4,0.4,ASDD03-236,CORE,0.025,5,0.0018,0.0026,319.00,550982.77,4518485.59,670.05
ASDD03,319.4,320.3,0.9,ASDD03-237,CORE,0.025,5,0.0015,0.0022,319.40,550982.74,4518485.49,669.67
ASDD03,320.3,321.8,1.5,ASDD03-238,CORE,0.025,5,0.0016,0.0001,320.30,550982.67,4518485.25,668.80
ASDD03,321.8,323.3,1.5,ASDD03-239,CORE,0.025,5,0.002,0.0001,321.80,550982.55,4518484.86,667.36
ASDD03,323.3,324.8,1.5,ASDD03-240,CORE,0.025,5,0.0018,0.0001,323.30,550982.44,4518484.47,665.91
ASDD03,324.8,326.3,1.5,ASDD03-241,CORE,0.025,5,0.0031,0.0062,324.80,550982.33,4518484.07,664.47
ASDD03,326.3,327.8,1.5,ASDD03-242,CORE,0.025,5,0.0096,0.0062,326.30,550982.21,4518483.68,663.03
ASDD03,327.8,329.3,1.5,ASDD03-243,CORE,0.025,5,0.0103,0.0001,327.80,550982.10,4518483.29,661.58
ASDD03,329.3,330.8,1.5,ASDD03-244,CORE,0.025,5,0.0079,0.0001,329.30,550981.99,4518482.90,660.14
ASDD03,330.8,332.3,1.5,ASDD03-245,CORE,0.025,5,0.0191,0.0001,330.80,550981.87,4518482.51,658.70
ASDD03,332.3,333.8,1.5,ASDD03-246,CORE,0.025,5,0.0206,0.0179,332.30,550981.76,4518482.11,657.25
ASDD03,333.8,335.3,1.5,ASDD03-247,CORE,0.025,5,0.0023,0.0001,333.80,550981.64,4518481.72,655.81
ASDD03,335.3,335.8,0.5,ASDD03-248,CORE,0.025,5,0.0019,0.0001,335.30,550981.53,4518481.33,654.37
ASDD03,335.8,336.1,0.3,ASDD03-249,CORE,0.025,5,0.0001,0.0001,335.80,550981.49,4518481.20,653.89
ASDD03,336.1,336.9,0.8,ASDD03-250,CORE,0.025,5,0.0039,0.0001,336.10,550981.47,4518481.12,653.60
ASDD03,336.9,338.3,1.4,ASDD03-251,CORE,0.025,5,0.0001,0.0001,336.90,550981.41,4518480.91,652.83
ASDD03,338.3,339.8,1.5,ASDD03-252,CORE,0.025,5,0.0019,0.0001,338.30,550981.30,4518480.55,651.48
ASDD03,339.8,341.6,1.8,ASDD03-253,CORE,0.025,5,0.0001,0.0001,339.80,550981.19,4518480.15,650.04
ASDD03,341.6,342,0.4,ASDD03-254,CORE,0.025,5,0.0001,0.0001,341.60,550981.05,4518479.68,648.31
ASDD03,342,343,1,ASDD03-255,CORE,0.025,5,0.0001,0.0001,342.00,550981.02,4518479.58,647.92
ASDD03,343,344.3,1.3,ASDD03-256,CORE,0.025,5,0.0001,0.0001,343.00,550980.94,4518479.32,646.96
ASDD05,0,2,2,ASDD05-14,CORE,0.15,5,0.0414,0.0109,0.00,550958.00,4518474.00,980.00
ASDD05,2,4,2,ASDD05-15,CORE,0.025,5,0.01616,0.0086,2.00,550958.05,4518474.13,978.00
ASDD05,4,6,2,ASDD05-16,CORE,0.062,5,0.0221,0.0097,4.00,550958.10,4518474.26,976.01
ASDD05,6,8,2,ASDD05-17,CORE,0.052,5,0.0095,0.0098,6.00,550958.14,4518474.39,974.01
ASDD05,8,10,2,ASDD05-18,CORE,0.025,5,0.0107,0.0119,8.00,550958.19,4518474.52,972.02
ASDD05,10,12,2,ASDD05-19,CORE,0.025,5,0.0125,0.0099,10.00,550958.24,4518474.66,970.02
ASDD05,12,13.1,1.1,ASDD05-20,CORE,0.025,5,0.0106,0.0086,12.00,550958.29,4518474.79,968.03
ASDD05,13.1,14,0.9,ASDD05-21,CORE,0.025,5,0.0122,0.0079,13.10,550958.31,4518474.86,966.93
ASDD05,14,16,2,ASDD05-23,CORE,0.025,5,0.0194,0.0101,14.00,550958.33,4518474.92,966.03
ASDD05,16,18,2,ASDD05-24,CORE,0.025,5,0.0114,0.0074,16.00,550958.38,4518475.05,964.04
ASDD05,18,19.2,1.2,ASDD05-25,CORE,0.025,5,0.0131,0.0065,18.00,550958.43,4518475.18,962.04
ASDD05,19.2,19.3,0.1,ASDD05-26,CORE,0.025,5,0.0122,0.0072,19.20,550958.46,4518475.26,960.85
ASDD05,19.3,20,0.7,ASDD05-27,CORE,0.025,5,0.0125,0.0069,19.30,550958.46,4518475.27,960.75
ASDD05,20,22,2,ASDD05-28,CORE,0.025,5,0.0104,0.0067,20.00,550958.48,4518475.31,960.05
ASDD05,22,24,2,ASDD05-29,CORE,0.025,5,0.0088,0.0069,22.00,550958.52,4518475.44,958.05
ASDD05,24,26,2,ASDD05-30,CORE,0.025,5,0.0141,0.007,24.00,550958.57,4518475.57,956.06
ASDD05,26,28,2,ASDD05-31,CORE,0.025,5,0.0118,0.0064,26.00,550958.62,4518475.70,954.06
ASDD05,28,30,2,ASDD05-33,CORE,0.025,5,0.0086,0.0076,28.00,550958.67,4518475.84,952.07
ASDD05,30,32.2,2.2,ASDD05-34,CORE,0.025,5,0.008,0.0073,30.00,550958.72,4518475.97,950.07
ASDD05,32.2,32.25,0.05,ASDD05-35,CORE,0.025,5,0.0068,0.0071,32.20,550958.77,4518476.11,947.88
ASDD05,32.25,34,1.75,ASDD05-36,CORE,0.025,5,0.0071,0.0074,32.25,550958.77,4518476.11,947.83
ASDD05,34,35.7,1.7,ASDD05-37,CORE,0.025,5,0.006,0.0068,34.00,550958.81,4518476.23,946.08
ASDD05,35.7,38,2.3,ASDD05-38,CORE,0.025,5,0.0078,0.0067,35.70,550958.85,4518476.34,944.39
ASDD05,38,40,2,ASDD05-39,CORE,0.025,5,0.0073,0.0124,38.00,550958.91,4518476.49,942.09
ASDD05,40,42,2,ASDD05-40,CORE,0.025,5,0.0064,0.0058,40.00,550958.95,4518476.62,940.10
ASDD05,42,44,2,ASDD05-41,CORE,0.06,5,0.0101,0.0045,42.00,550959.00,4518476.75,938.10
ASDD05,44,45.8,1.8,ASDD05-43,CORE,0.025,5,0.0121,0.0044,44.00,550959.05,4518476.88,936.11
ASDD05,45.8,47.4,1.6,ASDD05-44,CORE,0.025,5,0.0058,0.0067,45.80,550959.09,4518477.00,934.31
ASDD05,47.4,47.7,0.3,ASDD05-45,CORE,0.025,5,0.0067,0.004,47.40,550959.13,4518477.11,932.72
ASDD05,47.7,47.9,0.2,ASDD05-46,CORE,0.025,5,0.0065,0.0042,47.70,550959.14,4518477.13,932.42
ASDD05,47.9,49.4,1.5,ASDD05-47,CORE,0.025,5,0.0087,0.0047,47.90,550959.14,4518477.14,932.22
ASDD05,49.4,50.8,1.4,ASDD05-48,CORE,0.025,5,0.0083,0.0077,49.40,550959.18,4518477.24,930.72
ASDD05,50.8,52,1.2,ASDD05-49,CORE,0.025,5,0.0093,0.0113,50.80,550959.21,4518477.33,929.32
ASDD05,52,54,2,ASDD05-50,CORE,0.025,5,0.0082,0.00106,52.00,550959.24,4518477.41,928.13
ASDD05,54,55.85,1.85,ASDD05-51,CORE,0.025,5,0.0056,0.0123,54.00,550959.29,4518477.54,926.13
ASDD05,55.85,56,0.15,ASDD05-53,CORE,0.025,5,0.0069,0.0091,55.85,550959.33,4518477.66,924.29
ASDD05,56,56.6,0.6,ASDD05-54,CORE,0.025,5,0.0068,0.0048,56.00,550959.34,4518477.67,924.14
ASDD05,56.6,58,1.4,ASDD05-55,CORE,0.025,5,0.0055,0.004,56.60,550959.35,4518477.71,923.54
ASDD05,58,58.8,0.8,ASDD05-56,CORE,0.025,5,0.0062,0.0052,58.00,550959.38,4518477.80,922.14
ASDD05,58.8,60,1.2,ASDD05-57,CORE,0.025,5,0.0065,0.0042,58.80,550959.40,4518477.85,921.34
ASDD05,60,61.56,1.56,ASDD05-58,CORE,0.025,5,0.0064,0.0053,60.00,550959.43,4518477.93,920.15
ASDD05,61.56,64,2.44,ASDD05-59,CORE,0.025,5,0.0068,0.0099,61.56,550959.47,4518478.04,918.59
ASDD05,64,65.3,1.3,ASDD05-60,CORE,0.025,5,0.0075,0.0097,64.00,550959.53,4518478.20,916.16
ASDD05,65.3,66.6,1.3,ASDD05-61,CORE,0.025,5,0.0114,0.0059,65.30,550959.56,4518478.28,914.86
ASDD05,66.6,67,0.4,ASDD05-63,CORE,0.025,5,0.01,0.0076,66.60,550959.59,4518478.37,913.56
ASDD05,67,67.2,0.2,ASDD05-64,CORE,0.025,5,0.0085,0.0087,67.00,550959.60,4518478.39,913.16
ASDD05,67.2,68,0.8,ASDD05-65,CORE,0.025,5,0.0098,0.0159,67.20,550959.60,4518478.40,912.96
ASDD05,68,70,2,ASDD05-66,CORE,0.025,5,0.0136,0.0083,68.00,550959.62,4518478.46,912.17
ASDD05,70,71.8,1.8,ASDD05-67,CORE,0.025,5,0.0089,0.009,70.00,550959.67,4518478.59,910.17
ASDD05,71.8,72,0.2,ASDD05-68,CORE,0.025,5,0.0069,0.0065,71.80,550959.71,4518478.71,908.37
ASDD05,72,72.5,0.5,ASDD05-69,CORE,0.025,5,0.0068,0.0074,72.00,550959.72,4518478.72,908.18
ASDD05,72.5,74,1.5,ASDD05-70,CORE,0.025,5,0.0076,0.0033,72.50,550959.73,4518478.75,907.68
ASDD05,74,76,2,ASDD05-71,CORE,0.025,5,0.0057,0.0054,74.00,550959.77,4518478.85,906.18
ASDD05,76,77.4,1.4,ASDD05-73,CORE,0.025,5,0.0084,0.0017,76.00,550959.81,4518478.98,904.19
ASDD05,77.4,79,1.6,ASDD05-74,CORE,0.025,5,0.0173,0.0056,77.40,550959.85,4518479.07,902.79
ASDD05,79,80.55,1.55,ASDD05-75,CORE,0.025,5,0.0139,0.005,79.00,550959.88,4518479.18,901.19
ASDD05,80.55,82,1.45,ASDD05-76,CORE,0.025,5,0.0075,0.0037,80.55,550959.92,4518479.28,899.65
ASDD05,82,84,2,ASDD05-77,CORE,0.025,5,0.0067,0.0058,82.00,550959.96,4518479.38,898.20
ASDD05,84,86,2,ASDD05-78,CORE,0.025,5,0.0071,0.0075,84.00,550960.00,4518479.51,896.20
ASDD05,86,88,2,ASDD05-79,CORE,0.025,5,0.0093,0.0063,86.00,550960.05,4518479.64,894.21
ASDD05,88,88.9,0.9,ASDD05-80,CORE,0.064,5,0.0115,0.0077,88.00,550960.10,4518479.77,892.21
ASDD05,88.9,90.1,1.2,ASDD05-81,CORE,0.025,5,0.0138,0.0057,88.90,550960.12,4518479.83,891.32
ASDD05,90.1,92,1.9,ASDD05-83,CORE,0.025,5,0.0068,0.0078,90.10,550960.15,4518479.91,890.12
ASDD05,92,94,2,ASDD05-84,CORE,0.025,5,0.0071,0.0077,92.00,550960.19,4518480.03,888.22
ASDD05,94,96,2,ASDD05-85,CORE,0.025,5,0.0069,0.0048,94.00,550960.24,4518480.16,886.23
ASDD05,96,98.3,2.3,ASDD05-86,CORE,0.025,5,0.0081,0.0051,96.00,550960.29,4518480.29,884.23
ASDD05,98.3,98.8,0.5,ASDD05-87,CORE,0.025,5,0.0155,0.0059,98.30,550960.35,4518480.44,881.94
ASDD05,98.8,100.8,2,ASDD05-88,CORE,0.025,5,0.0167,0.0046,98.80,550960.36,4518480.48,881.44
ASDD05,100.8,101.2,0.4,ASDD05-89,CORE,0.025,5,0.0151,0.0111,100.80,550960.40,4518480.61,879.45
ASDD05,101.2,102.25,1.05,ASDD05-90,CORE,0.025,5,0.0204,0.025,101.20,550960.41,4518480.63,879.05
ASDD05,102.25,102.7,0.45,ASDD05-91,CORE,0.025,5,0.0119,0.0044,102.25,550960.44,4518480.70,878.00
ASDD05,102.7,104,1.3,ASDD05-93,CORE,0.025,5,0.0079,0.0057,102.70,550960.45,4518480.73,877.55
ASDD05,104,106,2,ASDD05-94,CORE,0.025,5,0.009,0.007,104.00,550960.48,4518480.82,876.25
ASDD05,106,108,2,ASDD05-95,CORE,0.025,5,0.0145,0.0078,106.00,550960.53,4518480.95,874.26
ASDD05,108,108.3,0.3,ASDD05-96,CORE,0.025,5,0.0326,0.0113,108.00,550960.58,4518481.08,872.26
ASDD05,108.3,109.4,1.1,ASDD05-97,CORE,0.025,5,0.0214,0.0439,108.30,550960.58,4518481.10,871.96
ASDD05,109.4,110.1,0.7,ASDD05-98,CORE,0.025,5,0.0091,0.0094,109.40,550960.61,4518481.17,870.87
ASDD05,110.1,112,1.9,ASDD05-99,CORE,0.01,5,0.0067,0.0076,110.10,550960.63,4518481.22,870.17
ASDD05,112,114,2,ASDD05-100,CORE,0.025,5,0.0186,0.0083,112.00,550960.67,4518481.34,868.27
ASDD05,114,116,2,ASDD05-101,CORE,0.025,5,0.0228,0.0079,114.00,550960.72,4518481.47,866.28
ASDD05,116,117.2,1.2,ASDD05-103,CORE,0.025,5,0.0219,0.0076,116.00,550960.77,4518481.60,864.28
ASDD05,117.2,118,0.8,ASDD05-104,CORE,0.025,5,0.0195,0.006,117.20,550960.80,4518481.68,863.09
ASDD05,118,119.2,1.2,ASDD05-105,CORE,0.025,5,0.0193,0.006,118.00,550960.82,4518481.73,862.29
ASDD05,119.2,120,0.8,ASDD05-106,CORE,0.025,5,0.018,0.0061,119.20,550960.84,4518481.81,861.09
ASDD05,120,122,2,ASDD05-107,CORE,0.025,5,0.0318,0.0054,120.00,550960.86,4518481.87,860.29
ASDD05,122,124,2,ASDD05-108,CORE,0.025,5,0.0184,0.0097,122.00,550960.91,4518482.00,858.30
ASDD05,124,125.3,1.3,ASDD05-109,CORE,0.025,5,0.0205,0.0052,124.00,550960.96,4518482.13,856.30
ASDD05,125.3,126.3,1,ASDD05-110,CORE,0.025,5,0.0161,0.0062,125.30,550960.99,4518482.21,855.01
ASDD05,126.3,128,1.7,ASDD05-111,CORE,0.025,5,0.0202,0.005,126.30,550961.01,4518482.28,854.01
ASDD05,128,130,2,ASDD05-113,CORE,0.025,5,0.018,0.0049,128.00,550961.05,4518482.39,852.31
ASDD05,130,132,2,ASDD05-114,CORE,0.025,5,0.0171,0.0085,130.00,550961.10,4518482.52,850.32
ASDD05,132,134,2,ASDD05-115,CORE,0.025,5,0.0157,0.0108,132.00,550961.15,4518482.65,848.32
ASDD05,134,136,2,ASDD05-116,CORE,0.025,5,0.0179,0.0079,134.00,550961.20,4518482.78,846.33
ASDD05,136,138,2,ASDD05-117,CORE,0.025,5,0.0197,0.0068,136.00,550961.24,4518482.91,844.33
ASDD05,138,140,2,ASDD05-118,CORE,0.025,5,0.0204,0.0075,138.00,550961.29,4518483.05,842.34
ASDD05,140,140.5,0.5,ASDD05-119,CORE,0.025,5,0.0189,0.0129,140.00,550961.34,4518483.18,840.34
ASDD05,140.5,142.8,2.3,ASDD05-120,CORE,0.025,5,0.0223,0.0066,140.50,550961.35,4518483.21,839.84
ASDD05,142.8,144.3,1.5,ASDD05-121,CORE,0.025,5,0.0328,0.0159,142.80,550961.41,4518483.36,837.55
ASDD05,144.3,145.4,1.1,ASDD05-123,CORE,0.025,5,0.0285,0.0169,144.30,550961.44,4518483.46,836.05
ASDD05,145.4,146,0.6,ASDD05-124,CORE,0.025,5,0.0248,0.0066,145.40,550961.47,4518483.53,834.95
ASDD05,146,146.6,0.6,ASDD05-125,CORE,0.025,5,0.0252,0.0044,146.00,550961.48,4518483.57,834.36
ASDD05,146.6,148,1.4,ASDD05-126,CORE,0.025,5,0.0249,0.0046,146.60,550961.50,4518483.61,833.76
ASDD05,148,150,2,ASDD05-127,CORE,0.025,5,0.0273,0.0066,148.00,550961.53,4518483.70,832.36
ASDD05,150,152,2,ASDD05-128,CORE,0.025,5,0.0204,0.0055,150.00,550961.58,4518483.83,830.37
ASDD05,152,154,2,ASDD05-129,CORE,0.025,17,0.0363,0.0167,152.00,550961.63,4518483.96,828.37
ASDD05,154,154.8,0.8,ASDD05-130,CORE,0.025,5,0.0379,0.0055,154.00,550961.67,4518484.09,826.38
ASDD05,154.8,156,1.2,ASDD05-131,CORE,0.025,5,0.0314,0.0111,154.80,550961.69,4518484.15,825.58
ASDD05,156,158,2,ASDD05-133,CORE,0.025,5,0.0316,0.0064,156.00,550961.72,4518484.23,824.38
ASDD05,158,160,2,ASDD05-134,CORE,0.025,5,0.0306,0.0079,158.00,550961.77,4518484.36,822.38
ASDD05,160,162,2,ASDD05-135,CORE,0.025,5,0.0298,0.0164,160.00,550961.82,4518484.49,820.39
ASDD05,162,164,2,ASDD05-136,CORE,0.025,5,0.0299,0.0121,162.00,550961.87,4518484.62,818.39
ASDD05,164,166,2,ASDD05-137,CORE,0.025,5,0.0259,0.0094,164.00,550961.91,4518484.75,816.40
ASDD05,166,168,2,ASDD05-138,CORE,0.025,5,0.0324,0.0031,166.00,550961.96,4518484.88,814.40
ASDD05,168,170,2,ASDD05-139,CORE,0.025,5,0.0289,0.0135,168.00,550962.01,4518485.01,812.41
ASDD05,170,170.7,0.7,ASDD05-140,CORE,0.025,5,0.0227,0.0248,170.00,550962.06,4518485.14,810.41
ASDD05,170.7,171.2,0.5,ASDD05-141,CORE,0.025,5,0.0122,0.0038,170.70,550962.07,4518485.19,809.72
ASDD05,171.2,172.6,1.4,ASDD05-143,CORE,0.025,5,0.0105,0.0054,171.20,550962.08,4518485.22,809.22
ASDD05,172.6,174.8,2.2,ASDD05-144,CORE,0.025,5,0.011,0.0042,172.60,550962.12,4518485.31,807.82
ASDD05,174.8,175.7,0.9,ASDD05-145,CORE,0.025,5,0.0091,0.0038,174.80,550962.17,4518485.46,805.63
ASDD05,175.7,176.5,0.8,ASDD05-146,CORE,0.025,5,0.0103,0.0035,175.70,550962.19,4518485.52,804.73
ASDD05,176.5,177,0.5,ASDD05-147,CORE,0.025,5,0.0109,0.0042,176.50,550962.21,4518485.57,803.93
ASDD05,177,179,2,ASDD05-148,CORE,0.025,5,0.0123,0.0043,177.00,550962.22,4518485.60,803.43
ASDD05,179,181.35,2.35,ASDD05-149,CORE,0.025,5,0.0082,0.0048,179.00,550962.27,4518485.73,801.44
ASDD05,181.35,182.5,1.15,ASDD05-150,CORE,0.025,5,0.0097,0.0057,181.35,550962.33,4518485.89,799.09
ASDD05,182.5,184,1.5,ASDD05-151,CORE,0.025,5,0.0101,0.0079,182.50,550962.35,4518485.96,797.94
ASDD05,184,186,2,ASDD05-153,CORE,0.025,5,0.0083,0.0045,184.00,550962.39,4518486.06,796.45
ASDD05,186,188,2,ASDD05-154,CORE,0.025,5,0.0109,0.0044,186.00,550962.44,4518486.19,794.45
ASDD05,188,190,2,ASDD05-155,CORE,0.025,5,0.0091,0.0042,188.00,550962.49,4518486.32,792.46
ASDD05,190,192,2,ASDD05-156,CORE,0.025,5,0.0084,0.0061,190.00,550962.53,4518486.45,790.46
ASDD05,192,194,2,ASDD05-157,CORE,0.025,5,0.0125,0.0004,192.00,550962.58,4518486.59,788.47
ASDD05,194,196,2,ASDD05-158,CORE,0.025,5,0.0154,0.005,194.00,550962.63,4518486.72,786.47
ASDD05,196,198,2,ASDD05-159,CORE,0.025,5,0.0095,0.003,196.00,550962.68,4518486.85,784.48
ASDD05,198,200,2,ASDD05-160,CORE,0.025,5,0.0211,0.0055,198.00,550962.72,4518486.98,782.48
ASDD05,200,202,2,ASDD05-161,CORE,0.025,5,0.0118,0.0055,200.00,550962.77,4518487.11,780.49
ASDD05,202,204,2,ASDD05-163,CORE,0.025,5,0.0085,0.004,202.00,550962.82,4518487.24,778.49
ASDD05,204,206,2,ASDD05-164,CORE,0.025,5,0.0118,0.0038,204.00,550962.87,4518487.37,776.50
ASDD05,206,208,2,ASDD05-165,CORE,0.025,5,0.0131,0.0064,206.00,550962.91,4518487.50,774.50
ASDD05,208,210,2,ASDD05-166,CORE,0.025,5,0.0155,0.0049,208.00,550962.96,4518487.63,772.51
ASDD05,210,212,2,ASDD05-167,CORE,0.025,5,0.0143,0.0064,210.00,550963.01,4518487.77,770.51
ASDD05,212,214,2,ASDD05-168,CORE,0.025,5,0.0145,0.0054,212.00,550963.06,4518487.90,768.52
ASDD05,214,216,2,ASDD05-169,CORE,0.025,5,0.0112,0.0069,214.00,550963.11,4518488.03,766.52
ASDD05,216,218,2,ASDD05-170,CORE,0.025,5,0.0111,0.0068,216.00,550963.15,4518488.16,764.53
ASDD05,218,220,2,ASDD05-171,CORE,0.025,5,0.0109,0.0102,218.00,550963.20,4518488.29,762.53
ASDD05,220,222,2,ASDD05-173,CORE,0.025,5,0.0097,0.0126,220.00,550963.25,4518488.42,760.54
ASDD05,222,223,1,ASDD05-174,CORE,0.025,5,0.0095,0.0108,222.00,550963.30,4518488.55,758.54
ASDD05,223,224,1,ASDD05-01,CORE,0.025,5,0.01,0.0156,223.00,550963.32,4518488.62,757.54
ASDD05,224,225,1,ASDD05-02,CORE,0.025,5,0.0086,0.0176,224.00,550963.34,4518488.68,756.55
ASDD05,225,226,1,ASDD05-03,CORE,0.025,5,0.0098,0.0178,225.00,550963.37,4518488.75,755.55
ASDD05,226,227,1,ASDD05-04,CORE,0.025,5,0.0078,0.0152,226.00,550963.39,4518488.81,754.55
ASDD05,227,228,1,ASDD05-05,CORE,0.025,5,0.0145,0.0156,227.00,550963.42,4518488.88,753.55
ASDD05,228,228.8,0.8,ASDD05-06,CORE,0.025,5,0.0118,0.0165,228.00,550963.44,4518488.95,752.56
ASDD05,228.8,229.2,0.4,ASDD05-07,CORE,0.45,11,0.3247,0.0448,228.80,550963.46,4518489.00,751.76
ASDD05,229.2,230.3,1.1,ASDD05-08,CORE,0.025,5,0.0076,0.0139,229.20,550963.47,4518489.02,751.36
ASDD05,230.3,231,0.7,ASDD05-09,CORE,0.025,5,0.0059,0.0118,230.30,550963.49,4518489.10,750.26
ASDD05,231,232,1,ASDD05-10,CORE,0.025,5,0.0051,0.015,231.00,550963.51,4518489.14,749.56
ASDD05,232,233,1,ASDD05-11,CORE,0.025,5,0.0064,0.0121,232.00,550963.54,4518489.21,748.57
ASDD05,233,234,1,ASDD05-12,CORE,0.025,5,0.0049,0.0124,233.00,550963.56,4518489.27,747.57
ASDD05,234,235,1,ASDD05-13,CORE,0.025,5,0.007,0.0095,234.00,550963.58,4518489.34,746.57
ASDD05,235,236,1,ASDD05-175,CORE,0.025,5,0.0092,0.0078,235.00,550963.61,4518489.40,745.57
ASDD05,236,238,2,ASDD05-176,CORE,0.025,5,0.0083,0.0068,236.00,550963.63,4518489.47,744.57
ASDD05,238,240,2,ASDD05-177,CORE,0.025,5,0.0081,0.0073,238.00,550963.68,4518489.60,742.58
ASDD05,240,242,2,ASDD05-178,CORE,0.025,5,0.0106,0.0081,240.00,550963.73,4518489.73,740.58
ASDD05,242,244,2,ASDD05-179,CORE,0.025,5,0.0098,0.0089,242.00,550963.77,4518489.86,738.59
ASDD05,244,245.8,1.8,ASDD05-180,CORE,0.025,5,0.0268,0.0156,244.00,550963.82,4518489.99,736.59
ASDD05,245.8,248,2.2,ASDD05-181,CORE,0.025,5,0.0248,0.0202,245.80,550963.86,4518490.11,734.80
ASDD05,248,250,2,ASDD05-183,CORE,0.025,5,0.0275,0.0199,248.00,550963.92,4518490.26,732.60
ASDD05,250,252,2,ASDD05-184,CORE,0.025,5,0.0252,0.0278,250.00,550963.96,4518490.39,730.61
ASDD05,252,254,2,ASDD05-185,CORE,0.025,5,0.0328,0.0264,252.00,550964.01,4518490.52,728.61
ASDD05,254,256,2,ASDD05-186,CORE,0.105,5,0.0573,0.018,254.00,550964.06,4518490.65,726.62
ASDD05,256,258,2,ASDD05-187,CORE,0.025,5,0.034,0.0151,256.00,550964.11,4518490.78,724.62
ASDD05,258,260,2,ASDD05-188,CORE,0.025,5,0.0429,0.0122,258.00,550964.16,4518490.91,722.63
ASDD07,2,4,2,ASDD07-01,CORE,0.025,5,0.0062,0.0063,2.00,550958.00,4518474.00,980.00
ASDD07,4,6,2,ASDD07-03,CORE,0.025,5,0.0074,0.0107,4.00,550957.92,4518474.45,978.05
ASDD07,6,8,2,ASDD07-04,CORE,0.025,5,0.007,0.0094,6.00,550957.84,4518474.90,976.11
ASDD07,8,10,2,ASDD07-05,CORE,0.025,5,0.0094,0.0096,8.00,550957.76,4518475.35,974.16
ASDD07,10,11,1,ASDD07-06,CORE,0.025,5,0.0094,0.0101,10.00,550957.68,4518475.80,972.21
ASDD07,11,13,2,ASDD07-07,CORE,0.025,5,0.0081,0.0086,11.00,550957.64,4518476.02,971.24
ASDD07,13,15,2,ASDD07-08,CORE,0.025,5,0.0045,0.01,13.00,550957.56,4518476.47,969.29
ASDD07,15,17,2,ASDD07-09,CORE,0.025,5,0.0051,0.0084,15.00,550957.48,4518476.92,967.34
ASDD07,17,19,2,ASDD07-10,CORE,0.025,5,0.0084,0.0093,17.00,550957.40,4518477.37,965.40
ASDD07,19,21,2,ASDD07-11,CORE,0.025,5,0.0056,0.0075,19.00,550957.32,4518477.82,963.45
ASDD07,21,23,2,ASDD07-13,CORE,0.025,5,0.0017,0.0056,21.00,550957.24,4518478.27,961.50
ASDD07,23,25,2,ASDD07-14,CORE,0.025,5,0.0024,0.0061,23.00,550957.16,4518478.72,959.55
ASDD07,25,26,1,ASDD07-15,CORE,0.025,5,0.0026,0.0043,25.00,550957.08,4518479.17,957.61
ASDD07,26,27.6,1.6,ASDD07-16,CORE,0.025,5,0.0016,0.0045,26.00,550957.04,4518479.40,956.63
ASDD07,27.6,29,1.4,ASDD07-17,CORE,0.047,5,0.0034,0.0042,27.60,550956.97,4518479.76,955.08
ASDD07,29,31,2,ASDD07-18,CORE,0.025,5,0.0017,0.0064,29.00,550956.92,4518480.07,953.71
ASDD07,31,33,2,ASDD07-19,CORE,0.025,5,0.0041,0.0047,31.00,550956.84,4518480.52,951.77
ASDD07,33,35,2,ASDD07-20,CORE,0.025,5,0.0033,0.0056,33.00,550956.76,4518480.97,949.82
ASDD07,35,37,2,ASDD07-21,CORE,0.025,5,0.002,0.0072,35.00,550956.68,4518481.42,947.87
ASDD07,37,37.6,0.6,ASDD07-23,CORE,0.025,5,0.002,0.0071,37.00,550956.60,4518481.87,945.92
ASDD07,37.6,39.6,2,ASDD07-24,CORE,0.025,5,0.0016,0.0074,37.60,550956.57,4518482.00,945.34
ASDD07,39.6,40,0.4,ASDD07-25,CORE,0.025,5,0.003,0.0071,39.60,550956.49,4518482.45,943.39
ASDD07,40,40.3,0.3,ASDD07-26,CORE,0.025,5,0.0033,0.0077,40.00,550956.48,4518482.54,943.00
ASDD07,40.3,41.1,0.8,ASDD07-27,CORE,0.025,5,0.0018,0.0061,40.30,550956.47,4518482.61,942.71
ASDD07,41.1,42.6,1.5,ASDD07-28,CORE,0.025,5,0.0022,0.0058,41.10,550956.43,4518482.79,941.93
ASDD07,42.6,43.15,0.55,ASDD07-29,CORE,0.025,5,0.0056,0.0072,42.60,550956.37,4518483.13,940.47
ASDD07,43.15,44,0.85,ASDD07-30,CORE,0.025,5,0.0006,0.006,43.15,550956.35,4518483.25,939.94
ASDD07,44,46,2,ASDD07-31,CORE,0.025,5,0.0032,0.006,44.00,550956.32,4518483.44,939.11
ASDD07,46,48,2,ASDD07-33,CORE,0.025,5,0.0026,0.0058,46.00,550956.24,4518483.89,937.16
ASDD07,48,49,1,ASDD07-34,CORE,0.025,5,0.0058,0.0066,48.00,550956.16,4518484.34,935.22
ASDD07,49,51,2,ASDD07-35,CORE,0.025,5,0.003,0.0057,49.00,550956.12,4518484.57,934.24
ASDD07,51,52,1,ASDD07-36,CORE,0.025,5,0.0038,0.005,51.00,550956.04,4518485.02,932.29
ASDD07,52,54,2,ASDD07-37,CORE,0.025,5,0.0095,0.006,52.00,550956.00,4518485.24,931.32
ASDD07,54,56,2,ASDD07-38,CORE,0.025,5,0.0069,0.0048,54.00,550955.92,4518485.69,929.37
ASDD07,56,56.4,0.4,ASDD07-39,CORE,0.025,5,0.0089,0.0084,56.00,550955.84,4518486.14,927.43
ASDD07,56.4,58,1.6,ASDD07-40,CORE,0.025,5,0.004,0.005,56.40,550955.82,4518486.23,927.04
ASDD07,58,60,2,ASDD07-41,CORE,0.025,5,0.0038,0.0058,58.00,550955.76,4518486.59,925.48
ASDD07,60,62,2,ASDD07-43,CORE,0.025,5,0.0096,0.0047,60.00,550955.68,4518487.04,923.53
ASDD07,62,64,2,ASDD07-44,CORE,0.025,5,0.0069,0.0046,62.00,550955.60,4518487.49,921.59
ASDD07,64,66,2,ASDD07-45,CORE,0.025,5,0.0041,0.0037,64.00,550955.52,4518487.94,919.64
ASDD07,66,68,2,ASDD07-46,CORE,0.025,5,0.0079,0.0054,66.00,550955.44,4518488.39,917.69
ASDD07,68,70,2,ASDD07-47,CORE,0.025,5,0.0054,0.0039,68.00,550955.36,4518488.84,915.74
ASDD07,70,72,2,ASDD07-48,CORE,0.025,5,0.0029,0.004,70.00,550955.28,4518489.29,913.80
ASDD07,72,74,2,ASDD07-49,CORE,0.025,5,0.0079,0.007,72.00,550955.20,4518489.74,911.85
ASDD07,74,76,2,ASDD07-50,CORE,0.025,5,0.0067,0.0101,74.00,550955.12,4518490.19,909.90
ASDD07,76,78,2,ASDD07-51,CORE,0.025,5,0.0085,0.0132,76.00,550955.04,4518490.64,907.96
ASDD07,78,80,2,ASDD07-53,CORE,0.025,5,0.0052,0.0086,78.00,550954.96,4518491.09,906.01
ASDD07,80,82,2,ASDD07-54,CORE,0.025,5,0.0067,0.0061,80.00,550954.88,4518491.54,904.06
ASDD07,82,84,2,ASDD07-55,CORE,0.025,5,0.0054,0.0076,82.00,550954.80,4518491.98,902.11
ASDD07,84,86,2,ASDD07-56,CORE,0.025,5,0.0099,0.0082,84.00,550954.72,4518492.43,900.17
ASDD07,86,88,2,ASDD07-57,CORE,0.025,5,0.0057,0.0084,86.00,550954.64,4518492.88,898.22
ASDD07,88,90,2,ASDD07-58,CORE,0.025,5,0.0022,0.0075,88.00,550954.56,4518493.33,896.27
ASDD07,90,92,2,ASDD07-59,CORE,0.025,5,0.0017,0.0055,90.00,550954.48,4518493.78,894.33
ASDD07,92,94,2,ASDD07-60,CORE,0.025,5,0.0019,0.0066,92.00,550954.40,4518494.23,892.38
ASDD07,94,96,2,ASDD07-61,CORE,0.025,5,0.0066,0.0073,94.00,550954.32,4518494.68,890.43
ASDD07,96,98,2,ASDD07-63,CORE,0.025,5,0.0054,0.0064,96.00,550954.24,4518495.13,888.48
ASDD07,98,100,2,ASDD07-64,CORE,0.025,5,0.0076,0.0081,98.00,550954.16,4518495.58,886.54
ASDD07,100,102,2,ASDD07-65,CORE,0.025,5,0.0079,0.0076,100.00,550954.08,4518496.03,884.59
ASDD07,102,104,2,ASDD07-66,CORE,0.025,5,0.0058,0.0072,102.00,550954.00,4518496.48,882.64
ASDD07,104,106,2,ASDD07-67,CORE,0.025,5,0.006,0.0118,104.00,550953.92,4518496.93,880.69
ASDD07,106,108,2,ASDD07-68,CORE,0.025,5,0.0063,0.0098,106.00,550953.84,4518497.38,878.75
ASDD07,108,110,2,ASDD07-69,CORE,0.025,5,0.0055,0.0115,108.00,550953.76,4518497.83,876.80
ASDD07,110,112,2,ASDD07-70,CORE,0.025,5,0.0032,0.0156,110.00,550953.68,4518498.28,874.85
ASDD07,112,114,2,ASDD07-71,CORE,0.025,5,0.0036,0.0129,112.00,550953.60,4518498.73,872.91
ASDD07,114,116,2,ASDD07-73,CORE,0.025,5,0.0039,0.013,114.00,550953.51,4518499.18,870.96
ASDD07,116,118,2,ASDD07-74,CORE,0.025,5,0.0038,0.0123,116.00,550953.43,4518499.63,869.01
ASDD07,118,119.9,1.9,ASDD07-75,CORE,0.025,5,0.0057,0.0135,118.00,550953.35,4518500.08,867.06
ASDD07,119.9,121,1.1,ASDD07-76,CORE,0.025,5,0.0043,0.0067,119.90,550953.28,4518500.51,865.22
ASDD07,121,122,1,ASDD07-77,CORE,0.025,5,0.0035,0.0049,121.00,550953.23,4518500.75,864.14
ASDD07,122,124,2,ASDD07-78,CORE,0.025,5,0.007,0.0085,122.00,550953.19,4518500.98,863.17
ASDD07,124,126,2,ASDD07-79,CORE,0.025,5,0.0054,0.0092,124.00,550953.11,4518501.43,861.22
ASDD07,126,128,2,ASDD07-80,CORE,0.025,5,0.0028,0.0099,126.00,550953.03,4518501.88,859.28
ASDD07,128,130,2,ASDD07-81,CORE,0.025,5,0.0021,0.0087,128.00,550952.95,4518502.33,857.33
ASDD07,130,132,2,ASDD07-83,CORE,0.025,5,0.0044,0.0071,130.00,550952.87,4518502.78,855.38
ASDD07,132,134,2,ASDD07-84,CORE,0.025,5,0.0045,0.0099,132.00,550952.79,4518503.23,853.43
ASDD07,134,136,2,ASDD07-85,CORE,0.025,5,0.0022,0.0088,134.00,550952.71,4518503.68,851.49
ASDD07,136,138,2,ASDD07-86,CORE,0.025,5,0.0052,0.0051,136.00,550952.63,4518504.12,849.54
ASDD07,138,140,2,ASDD07-87,CORE,0.025,5,0.0041,0.0068,138.00,550952.55,4518504.57,847.59
ASDD07,140,141.5,1.5,ASDD07-88,CORE,0.025,5,0.0034,0.0043,140.00,550952.47,4518505.02,845.65
ASDD07,141.5,142,0.5,ASDD07-89,CORE,0.025,5,0.0039,0.0031,141.50,550952.41,4518505.36,844.19
ASDD07,142,144,2,ASDD07-90,CORE,0.025,5,0.0072,0.0019,142.00,550952.39,4518505.47,843.70
ASDD07,144,146,2,ASDD07-91,CORE,0.025,5,0.0037,0.0051,144.00,550952.31,4518505.92,841.75
ASDD07,146,148,2,ASDD07-93,CORE,0.025,5,0.0054,0.0042,146.00,550952.23,4518506.37,839.80
ASDD07,148,150,2,ASDD07-94,CORE,0.025,5,0.006,0.0049,148.00,550952.15,4518506.82,837.86
ASDD07,150,152,2,ASDD07-95,CORE,0.025,5,0.0076,0.0045,150.00,550952.07,4518507.27,835.91
ASDD07,152,154,2,ASDD07-96,CORE,0.025,5,0.0023,0.0062,152.00,550951.99,4518507.72,833.96
ASDD07,154,154.9,0.9,ASDD07-97,CORE,0.025,5,0.0045,0.0065,154.00,550951.91,4518508.17,832.02
ASDD07,154.9,155.2,0.3,ASDD07-98,CORE,0.025,5,0.0034,0.002,154.90,550951.88,4518508.37,831.14
ASDD07,155.2,156.05,0.85,ASDD07-99,CORE,0.025,5,0.0015,0.0037,155.20,550951.87,4518508.44,830.85
ASDD07,156.05,157.1,1.05,ASDD07-100,CORE,0.025,5,0.0043,0.0022,156.05,550951.83,4518508.63,830.02
ASDD07,157.1,158,0.9,ASDD07-101,CORE,0.05,5,0.0041,0.0055,157.10,550951.79,4518508.87,829.00
ASDD07,158,159,1,ASDD07-103,CORE,0.025,5,0.0064,0.0058,158.00,550951.75,4518509.07,828.12
ASDD07,159,161,2,ASDD07-104,CORE,0.025,5,0.0041,0.0085,159.00,550951.71,4518509.30,827.15
ASDD07,161,163,2,ASDD07-105,CORE,0.025,5,0.0036,0.0088,161.00,550951.63,4518509.75,825.20
ASDD07,163,165,2,ASDD07-106,CORE,0.025,5,0.0052,0.0077,163.00,550951.55,4518510.19,823.25
ASDD07,165,167,2,ASDD07-107,CORE,0.025,5,0.0034,0.0063,165.00,550951.47,4518510.64,821.31
ASDD07,167,168,1,ASDD07-108,CORE,0.025,5,0.0048,0.0069,167.00,550951.39,4518511.09,819.36
ASDD07,168,170,2,ASDD07-109,CORE,0.025,5,0.0035,0.0042,168.00,550951.35,4518511.32,818.39
ASDD07,170,171.85,1.85,ASDD07-110,CORE,0.025,5,0.0031,0.0038,170.00,550951.27,4518511.77,816.44
ASDD07,171.85,172.3,0.45,ASDD07-111,CORE,0.025,5,0.0062,0.004,171.85,550951.20,4518512.18,814.64
ASDD07,172.3,173.5,1.2,ASDD07-113,CORE,0.025,5,0.0049,0.0038,172.30,550951.18,4518512.29,814.20
ASDD07,173.5,175,1.5,ASDD07-114,CORE,0.025,5,0.0039,0.0033,173.50,550951.13,4518512.56,813.03
ASDD07,175,176,1,ASDD07-115,CORE,0.025,5,0.0027,0.0035,175.00,550951.07,4518512.89,811.57
ASDD07,176,178,2,ASDD07-116,CORE,0.025,5,0.0047,0.0047,176.00,550951.03,4518513.12,810.60
ASDD07,178,180,2,ASDD07-117,CORE,0.025,5,0.0038,0.0036,178.00,550950.95,4518513.57,808.65
ASDD07,180,182,2,ASDD07-118,CORE,0.025,5,0.003,0.0034,180.00,550950.87,4518514.02,806.70
ASDD07,182,184,2,ASDD07-119,CORE,0.025,5,0.0031,0.0043,182.00,550950.79,4518514.47,804.76
ASDD07,184,186,2,ASDD07-120,CORE,0.025,5,0.0035,0.0031,184.00,550950.71,4518514.92,802.81
ASDD07,186,188,2,ASDD07-121,CORE,0.025,5,0.0034,0.0028,186.00,550950.63,4518515.37,800.86
ASDD07,188,190,2,ASDD07-123,CORE,0.025,5,0.0053,0.0025,188.00,550950.55,4518515.82,798.91
ASDD07,190,192,2,ASDD07-124,CORE,0.025,5,0.0025,0.0042,190.00,550950.47,4518516.26,796.97
ASDD07,192,194,2,ASDD07-125,CORE,0.025,5,0.0046,0.0025,192.00,550950.39,4518516.71,795.02
ASDD07,194,196,2,ASDD07-126,CORE,0.025,5,0.008,0.0036,194.00,550950.31,4518517.16,793.07
ASDD07,196,198,2,ASDD07-127,CORE,0.025,5,0.0063,0.005,196.00,550950.23,4518517.61,791.13
ASDD07,198,200,2,ASDD07-128,CORE,0.025,5,0.0042,0.003,198.00,550950.15,4518518.06,789.18
ASDD07,200,202,2,ASDD07-129,CORE,0.05,5,0.0043,0.0036,200.00,550950.07,4518518.51,787.23
ASDD07,202,204,2,ASDD07-130,CORE,0.025,5,0.004,0.0032,202.00,550949.99,4518518.96,785.28
ASDD07,204,206,2,ASDD07-131,CORE,0.025,5,0.0097,0.0067,204.00,550949.91,4518519.41,783.34
ASDD07,206,206.4,0.4,ASDD07-133,CORE,0.025,5,0.0024,0.0039,206.00,550949.83,4518519.86,781.39
ASDD07,206.4,207.15,0.75,ASDD07-134,CORE,0.025,5,0.0057,0.0044,206.40,550949.81,4518519.95,781.00
ASDD07,207.15,208,0.85,ASDD07-135,CORE,0.025,5,0.0051,0.0043,207.15,550949.78,4518520.12,780.27
ASDD07,208,210,2,ASDD07-136,CORE,0.025,5,0.0038,0.0052,208.00,550949.75,4518520.31,779.44
ASDD07,210,212,2,ASDD07-137,CORE,0.025,5,0.0046,0.0044,210.00,550949.67,4518520.76,777.50
ASDD07,212,214,2,ASDD07-138,CORE,0.025,5,0.0048,0.005,212.00,550949.59,4518521.21,775.55
ASDD07,214,216,2,ASDD07-139,CORE,0.025,5,0.0035,0.0028,214.00,550949.51,4518521.66,773.60
ASDD07,216,218,2,ASDD07-140,CORE,0.025,5,0.0066,0.0071,216.00,550949.43,4518522.11,771.65
ASDD07,218,220,2,ASDD07-141,CORE,0.025,5,0.009,0.0049,218.00,550949.35,4518522.56,769.71
ASDD07,220,222,2,ASDD07-143,CORE,0.025,5,0.011,0.0107,220.00,550949.27,4518523.01,767.76
ASDD07,222,224,2,ASDD07-144,CORE,0.05,5,0.0106,0.0118,222.00,550949.19,4518523.46,765.81
ASDD07,224,226,2,ASDD07-145,CORE,0.025,5,0.0097,0.0125,224.00,550949.11,4518523.91,763.87
ASDD07,226,228,2,ASDD07-146,CORE,0.025,5,0.0097,0.0169,226.00,550949.03,4518524.36,761.92
ASDD07,228,230,2,ASDD07-147,CORE,0.025,5,0.0123,0.0045,228.00,550948.95,4518524.81,759.97
ASDD07,230,232,2,ASDD07-148,CORE,0.025,5,0.0125,0.0054,230.00,550948.87,4518525.26,758.02
ASDD07,232,234,2,ASDD07-149,CORE,0.025,5,0.013,0.026,232.00,550948.79,4518525.71,756.08
ASDD07,234,236,2,ASDD07-150,CORE,0.025,5,0.0223,0.0491,234.00,550948.71,4518526.16,754.13
ASDD07,236,238,2,ASDD07-151,CORE,0.025,5,0.0141,0.0122,236.00,550948.63,4518526.61,752.18
ASDD07,238,239.2,1.2,ASDD07-153,CORE,0.025,16,0.0091,0.0045,238.00,550948.55,4518527.06,750.24
ASDD07,239.2,240,0.8,ASDD07-154,CORE,0.025,5,0.0126,0.0067,239.20,550948.50,4518527.33,749.07
ASDD07,240,242,2,ASDD07-155,CORE,0.025,5,0.0071,0.0043,240.00,550948.47,4518527.51,748.29
ASDD07,242,242.7,0.7,ASDD07-156,CORE,0.025,5,0.0119,0.0268,242.00,550948.39,4518527.95,746.34
ASDD07,242.7,244,1.3,ASDD07-157,CORE,0.025,5,0.0079,0.0077,242.70,550948.36,4518528.11,745.66
ASDD07,244,245.7,1.7,ASDD07-158,CORE,0.025,5,0.0103,0.0304,244.00,550948.31,4518528.40,744.39
ASDD07,245.7,246.7,1,ASDD07-159,CORE,0.025,5,0.0061,0.0019,245.70,550948.24,4518528.79,742.74
ASDD07,246.7,246.9,0.2,ASDD07-160,CORE,0.025,5,0.0037,0.0058,246.70,550948.20,4518529.01,741.77
ASDD07,246.9,248,1.1,ASDD07-161,CORE,0.025,5,0.0058,0.002,246.90,550948.19,4518529.06,741.57
ASDD07,248,249,1,ASDD07-163,CORE,0.025,5,0.0046,0.002,248.00,550948.15,4518529.30,740.50
ASDD07,249,250.2,1.2,ASDD07-164,CORE,0.025,5,0.0105,0.0033,249.00,550948.11,4518529.53,739.53
ASDD07,250.2,250.5,0.3,ASDD07-165,CORE,0.025,5,0.0032,0.0018,250.20,550948.06,4518529.80,738.36
ASDD07,250.5,252,1.5,ASDD07-166,CORE,0.025,5,0.0051,0.0014,250.50,550948.05,4518529.87,738.07
ASDD07,252,254,2,ASDD07-167,CORE,0.025,5,0.0078,0.0098,252.00,550947.99,4518530.20,736.61
ASDD07,254,256,2,ASDD07-168,CORE,0.025,5,0.0113,0.024,254.00,550947.91,4518530.65,734.66
ASDD07,256,258,2,ASDD07-169,CORE,0.025,5,0.0129,0.0279,256.00,550947.83,4518531.10,732.71
ASDD07,258,260,2,ASDD07-170,CORE,0.025,5,0.0126,0.0111,258.00,550947.75,4518531.55,730.76
ASDD07,260,261.3,1.3,ASDD07-171,CORE,0.025,5,0.0079,0.0044,260.00,550947.67,4518532.00,728.82
ASDD08,3.5,6,2.5,ASDD08-77,CORE,0.025,5,0.0029,0.0056,3.50,550958.00,4518474.00,980.00
ASDD08,6,8,2,ASDD08-78,CORE,0.025,5,0.006,0.0082,6.00,550956.70,4518472.79,978.24
ASDD08,8,10,2,ASDD08-79,CORE,0.025,5,0.0071,0.0091,8.00,550955.65,4518471.82,976.84
ASDD08,10,12,2,ASDD08-80,CORE,0.025,5,0.0058,0.0068,10.00,550954.61,4518470.85,975.44
ASDD08,12,14,2,ASDD08-81,CORE,0.025,5,0.0045,0.0091,12.00,550953.57,4518469.88,974.03
ASDD08,14,16,2,ASDD08-83,CORE,0.025,5,0.0054,0.0066,14.00,550952.52,4518468.91,972.63
ASDD08,16,16.5,0.5,ASDD08-84,CORE,0.025,5,0.0016,0.0062,16.00,550951.48,4518467.94,971.22
ASDD08,16.5,17.6,1.1,ASDD08-85,CORE,0.025,5,0.0071,0.0042,16.50,550951.22,4518467.70,970.87
ASDD08,17.6,18,0.4,ASDD08-86,CORE,0.025,5,0.0055,0.0082,17.60,550950.65,4518467.17,970.10
ASDD08,18,18.4,0.4,ASDD08-87,CORE,0.025,5,0.0029,0.0076,18.00,550950.44,4518466.97,969.82
ASDD08,18.4,20,1.6,ASDD08-88,CORE,0.025,5,0.0024,0.0052,18.40,550950.23,4518466.78,969.54
ASDD08,20,22,2,ASDD08-89,CORE,0.025,5,0.0051,0.005,20.00,550949.39,4518466.00,968.41
ASDD08,22,23.3,1.3,ASDD08-90,CORE,0.025,5,0.004,0.0068,22.00,550948.35,4518465.03,967.01
ASDD08,23.3,23.5,0.2,ASDD08-91,CORE,0.025,5,0.0037,0.0028,23.30,550947.67,4518464.40,966.10
ASDD08,23.5,25,1.5,ASDD08-93,CORE,0.025,5,0.0027,0.0064,23.50,550947.57,4518464.31,965.96
ASDD08,25,27,2,ASDD08-94,CORE,0.025,5,0.006,0.0059,25.00,550946.79,4518463.58,964.90
ASDD08,27,28,1,ASDD08-95,CORE,0.025,5,0.0061,0.0063,27.00,550945.74,4518462.61,963.50
ASDD08,28,30,2,ASDD08-96,CORE,0.025,5,0.0041,0.0068,28.00,550945.22,4518462.13,962.80
ASDD08,30,32,2,ASDD08-97,CORE,0.025,5,0.0037,0.0053,30.00,550944.18,4518461.16,961.39
ASDD08,32,34,2,ASDD08-98,CORE,0.025,5,0.0035,0.0043,32.00,550943.13,4518460.19,959.99
ASDD08,34,36,2,ASDD08-99,CORE,0.025,5,0.001,0.0047,34.00,550942.09,4518459.22,958.58
ASDD08,36,38,2,ASDD08-100,CORE,0.025,5,0.0025,0.0076,36.00,550941.05,4518458.25,957.18
ASDD08,38,39.9,1.9,ASDD08-101,CORE,0.025,5,0.0034,0.007,38.00,550940.01,4518457.28,955.78
ASDD08,39.9,41,1.1,ASDD08-103,CORE,0.025,5,0.0063,0.0045,39.90,550939.01,4518456.36,954.44
ASDD08,41,42.7,1.7,ASDD08-104,CORE,0.025,5,0.0049,0.0039,41.00,550938.44,4518455.82,953.67
ASDD08,42.7,44,1.3,ASDD08-105,CORE,0.025,5,0.0029,0.0051,42.70,550937.55,4518455.00,952.48
ASDD08,44,46,2,ASDD08-106,CORE,0.025,5,0.0037,0.004,44.00,550936.88,4518454.37,951.56
ASDD08,46,48,2,ASDD08-107,CORE,0.025,5,0.0031,0.0047,46.00,550935.83,4518453.40,950.16
ASDD08,48,50.2,2.2,ASDD08-108,CORE,0.025,5,0.0041,0.0049,48.00,550934.79,4518452.43,948.75
ASDD08,50.2,50.55,0.35,ASDD08-109,CORE,0.025,5,0.0058,0.0107,50.20,550933.64,4518451.36,947.21
ASDD08,50.55,51.7,1.15,ASDD08-110,CORE,0.025,5,0.0068,0.0051,50.55,550933.46,4518451.20,946.96
ASDD08,51.7,54,2.3,ASDD08-111,CORE,0.025,15,0.0093,0.0038,51.70,550932.86,4518450.64,946.16
ASDD08,54,56,2,ASDD08-113,CORE,0.025,5,0.0117,0.0037,54.00,550931.66,4518449.52,944.54
ASDD08,56,58,2,ASDD08-114,CORE,0.025,5,0.0108,0.0036,56.00,550930.62,4518448.55,943.14
ASDD08,58,60,2,ASDD08-115,CORE,0.025,5,0.0101,0.0034,58.00,550929.57,4518447.58,941.73
ASDD08,60,61.45,1.45,ASDD08-116,CORE,0.025,5,0.0111,0.0085,60.00,550928.53,4518446.61,940.33
ASDD08,61.45,62.35,0.9,ASDD08-117,CORE,0.025,5,0.0063,0.0019,61.45,550927.77,4518445.91,939.31
ASDD08,62.35,64,1.65,ASDD08-118,CORE,0.025,5,0.0116,0.005,62.35,550927.30,4518445.48,938.68
ASDD08,64,66.1,2.1,ASDD08-119,CORE,0.025,5,0.0115,0.009,64.00,550926.44,4518444.68,937.52
ASDD08,66.1,68,1.9,ASDD08-120,CORE,0.05,5,0.0159,0.0056,66.10,550925.35,4518443.66,936.05
ASDD08,68,70,2,ASDD08-121,CORE,0.025,5,0.0119,0.0049,68.00,550924.36,4518442.74,934.71
ASDD08,70,72,2,ASDD08-123,CORE,0.025,5,0.0114,0.0081,70.00,550923.31,4518441.77,933.31
ASDD08,72,73.4,1.4,ASDD08-124,CORE,0.025,5,0.0089,0.0089,72.00,550922.27,4518440.80,931.90
ASDD08,73.4,74.5,1.1,ASDD08-125,CORE,0.025,5,0.0089,0.0087,73.40,550921.54,4518440.12,930.92
ASDD08,74.5,76,1.5,ASDD08-126,CORE,0.025,5,0.0078,0.0115,74.50,550920.97,4518439.59,930.15
ASDD08,76,78,2,ASDD08-127,CORE,0.025,5,0.008,0.0067,76.00,550920.18,4518438.86,929.09
ASDD08,78,80,2,ASDD08-128,CORE,0.025,5,0.0073,0.0094,78.00,550919.14,4518437.89,927.69
ASDD08,80,81.85,1.85,ASDD08-129,CORE,0.025,5,0.0082,0.008,80.00,550918.10,4518436.92,926.29
ASDD08,81.85,82.2,0.35,ASDD08-130,CORE,0.025,5,0.0139,0.0078,81.85,550917.13,4518436.02,924.99
ASDD08,82.2,82.6,0.4,ASDD08-131,CORE,0.025,5,0.0078,0.0062,82.20,550916.95,4518435.85,924.74
ASDD08,82.6,82.95,0.35,ASDD08-133,CORE,0.025,5,0.0056,0.0043,82.60,550916.74,4518435.66,924.46
ASDD08,82.95,84,1.05,ASDD08-134,CORE,0.025,5,0.0063,0.0073,82.95,550916.56,4518435.49,924.21
ASDD08,84,86,2,ASDD08-135,CORE,0.025,5,0.0056,0.0092,84.00,550916.01,4518434.98,923.48
ASDD08,86,87.8,1.8,ASDD08-136,CORE,0.025,5,0.0055,0.0078,86.00,550914.97,4518434.01,922.07
ASDD08,87.8,89.1,1.3,ASDD08-137,CORE,0.025,5,0.0048,0.0085,87.80,550914.03,4518433.14,920.81
ASDD08,89.1,89.3,0.2,ASDD08-138,CORE,0.025,5,0.0049,0.0079,89.10,550913.35,4518432.51,919.90
ASDD08,89.3,90,0.7,ASDD08-139,CORE,0.025,5,0.011,0.0075,89.30,550913.25,4518432.41,919.76
ASDD08,90,90.3,0.3,ASDD08-140,CORE,0.025,5,0.0083,0.0074,90.00,550912.88,4518432.07,919.26
ASDD08,90.3,92,1.7,ASDD08-141,CORE,0.025,5,0.0132,0.0079,90.30,550912.73,4518431.93,919.05
ASDD08,92,92.7,0.7,ASDD08-143,CORE,0.025,5,0.0073,0.0056,92.00,550911.84,4518431.10,917.86
ASDD08,92.7,92.85,0.15,ASDD08-144,CORE,0.025,5,0.0054,0.0054,92.70,550911.47,4518430.77,917.37
ASDD08,92.85,94,1.15,ASDD08-145,CORE,0.025,5,0.0054,0.0062,92.85,550911.40,4518430.69,917.26
ASDD08,94,96,2,ASDD08-146,CORE,0.025,5,0.005,0.0071,94.00,550910.80,4518430.14,916.46
ASDD08,96,98,2,ASDD08-147,CORE,0.025,5,0.0061,0.0074,96.00,550909.75,4518429.17,915.05
ASDD08,98,100,2,ASDD08-148,CORE,0.025,5,0.0064,0.007,98.00,550908.71,4518428.20,913.65
ASDD08,100,102,2,ASDD08-149,CORE,0.025,5,0.0077,0.0072,100.00,550907.67,4518427.23,912.24
ASDD08,102,104,2,ASDD08-150,CORE,0.025,5,0.0038,0.0056,102.00,550906.62,4518426.26,910.84
ASDD08,104,106,2,ASDD08-151,CORE,0.025,5,0.004,0.0049,104.00,550905.58,4518425.29,909.43
ASDD08,106,108,2,ASDD08-153,CORE,0.025,5,0.0054,0.0046,106.00,550904.54,4518424.32,908.03
ASDD08,108,110,2,ASDD08-154,CORE,0.025,5,0.0062,0.0037,108.00,550903.49,4518423.35,906.63
ASDD08,110,111.3,1.3,ASDD08-155,CORE,0.025,5,0.0081,0.0028,110.00,550902.45,4518422.38,905.22
ASDD08,111.3,113.3,2,ASDD08-08,CORE,0.01,0.375,0.0046,,111.30,550901.77,4518421.75,904.31
ASDD08,113.3,114,0.7,ASDD08-09,CORE,0.01,1.044,0.0005,,113.30,550900.73,4518420.78,902.90
ASDD08,114,115,1,ASDD08-10,CORE,0.025,0.375,0.0002,,114.00,550900.36,4518420.44,902.41
ASDD08,115,115.6,0.6,ASDD08-11,CORE,0.025,0.375,0.0035,,115.00,550899.84,4518419.96,901.71
ASDD08,115.6,117.3,1.7,ASDD08-12,CORE,0.025,0.375,0.0015,,115.60,550899.53,4518419.67,901.29
ASDD08,117.3,118,0.7,ASDD08-13,CORE,0.025,0.375,0.0027,,117.30,550898.64,4518418.84,900.09
ASDD08,118,118.3,0.3,ASDD08-14,CORE,0.025,0.375,0.0048,,118.00,550898.28,4518418.50,899.60
ASDD08,118.3,119.15,0.85,ASDD08-15,CORE,0.055,1.08,0.0001,,118.30,550898.12,4518418.36,899.39
ASDD08,119.15,119.3,0.15,ASDD08-16,CORE,0.192,2.226,0.0083,,119.15,550897.68,4518417.95,898.80
ASDD08,119.3,120.45,1.15,ASDD08-17,CORE,0.073,1.758,0.0007,,119.30,550897.60,4518417.87,898.69
ASDD08,120.45,121,0.55,ASDD08-18,CORE,0.025,0.375,0.0008,,120.45,550897.00,4518417.32,897.88
ASDD08,121,123,2,ASDD08-19,CORE,0.064,1.488,0.0026,,121.00,550896.71,4518417.05,897.50
ASDD08,123,123.15,0.15,ASDD08-20,CORE,0.025,0.375,0.0004,,123.00,550895.67,4518416.08,896.09
ASDD08,123.15,124.3,1.15,ASDD08-21,CORE,0.046,0.882,0.0005,,123.15,550895.59,4518416.01,895.99
ASDD08,124.3,126.3,2,ASDD08-22,CORE,0.025,0.375,0.0003,,124.30,550894.99,4518415.45,895.18
ASDD08,126.3,128.3,2,ASDD08-23,CORE,0.025,0.375,0.0007,,126.30,550893.95,4518414.48,893.78
ASDD08,128.3,128.6,0.3,ASDD08-24,CORE,0.025,0.375,0.0002,,128.30,550892.91,4518413.51,892.37
ASDD08,128.6,129.3,0.7,ASDD08-25,CORE,0.119,1.356,0.0239,,128.60,550892.75,4518413.37,892.16
ASDD08,129.3,130.3,1,ASDD08-26,CORE,0.025,0.375,0.0002,,129.30,550892.38,4518413.03,891.67
ASDD08,130.3,131.55,1.25,ASDD08-27,CORE,0.025,0.375,0.0002,,130.30,550891.86,4518412.54,890.97
ASDD08,131.55,131.9,0.35,ASDD08-28,CORE,0.091,0.375,0.0061,,131.55,550891.21,4518411.94,890.09
ASDD08,131.9,132.4,0.5,ASDD08-29,CORE,0.025,0.375,0.0001,,131.90,550891.03,4518411.77,889.84
ASDD08,132.4,133.3,0.9,ASDD08-30,CORE,0.025,0.375,0.0004,,132.40,550890.77,4518411.52,889.49
ASDD08,133.3,135.3,2,ASDD08-31,CORE,0.025,0.375,0.0005,,133.30,550890.30,4518411.09,888.86
ASDD08,135.3,137,1.7,ASDD08-156,CORE,0.025,5,0.0061,0.004,135.30,550889.25,4518410.12,887.46
ASDD08,137,138,1,ASDD08-157,CORE,0.025,5,0.0055,0.0052,137.00,550888.37,4518409.29,886.26
ASDD08,138,140,2,ASDD08-158,CORE,0.025,5,0.0074,0.0045,138.00,550887.85,4518408.81,885.56
ASDD08,140,142,2,ASDD08-159,CORE,0.025,5,0.006,0.0067,140.00,550886.80,4518407.84,884.16
ASDD08,142,144,2,ASDD08-160,CORE,0.025,5,0.0067,0.0078,142.00,550885.76,4518406.87,882.75
ASDD08,144,146,2,ASDD08-161,CORE,0.025,5,0.006,0.006,144.00,550884.72,4518405.90,881.35
ASDD08,146,148,2,ASDD08-163,CORE,0.025,5,0.0051,0.0102,146.00,550883.67,4518404.93,879.94
ASDD08,148,150,2,ASDD08-164,CORE,0.025,5,0.0057,0.0088,148.00,550882.63,4518403.96,878.54
ASDD08,150,152,2,ASDD08-165,CORE,0.025,5,0.0065,0.0058,150.00,550881.59,4518402.99,877.13
ASDD08,152,152.8,0.8,ASDD08-166,CORE,0.025,5,0.0071,0.004,152.00,550880.54,4518402.02,875.73
ASDD08,152.8,154,1.2,ASDD08-167,CORE,0.025,5,0.0054,0.0075,152.80,550880.13,4518401.64,875.17
ASDD08,154,155.6,1.6,ASDD08-168,CORE,0.025,5,0.0065,0.0047,154.00,550879.50,4518401.05,874.33
ASDD08,155.6,155.7,0.1,ASDD08-169,CORE,0.025,5,0.0104,0.0047,155.60,550878.67,4518400.28,873.20
ASDD08,155.7,158,2.3,ASDD08-170,CORE,0.025,5,0.0102,0.0049,155.70,550878.61,4518400.23,873.13
ASDD08,158,160,2,ASDD08-171,CORE,0.025,5,0.0044,0.005,158.00,550877.41,4518399.12,871.52
ASDD08,160,162,2,ASDD08-173,CORE,0.025,5,0.0042,0.0047,160.00,550876.37,4518398.15,870.11
ASDD08,162,164,2,ASDD08-174,CORE,0.025,5,0.0059,0.0044,162.00,550875.33,4518397.18,868.71
ASDD08,164,166,2,ASDD08-175,CORE,0.025,5,0.005,0.0055,164.00,550874.28,4518396.21,867.30
ASDD08,166,168,2,ASDD08-176,CORE,0.025,5,0.0071,0.0055,166.00,550873.24,4518395.24,865.90
ASDD08,168,170,2,ASDD08-177,CORE,0.025,5,0.0043,0.0033,168.00,550872.20,4518394.27,864.50
ASDD08,170,171.3,1.3,ASDD08-178,CORE,0.025,5,0.004,0.0042,170.00,550871.16,4518393.30,863.09
ASDD08,171.3,171.75,0.45,ASDD08-01,CORE,0.025,0.375,0.0003,,171.30,550870.48,4518392.67,862.18
ASDD08,171.75,172,0.25,ASDD08-02,CORE,0.689,2.964,0.0318,,171.75,550870.24,4518392.45,861.86
ASDD08,172,172.55,0.55,ASDD08-03,CORE,0.025,0.375,0.0015,,172.00,550870.11,4518392.33,861.69
ASDD08,172.55,172.8,0.25,ASDD08-04,CORE,0.025,0.375,0.0019,,172.55,550869.83,4518392.06,861.30
ASDD08,172.8,173.3,0.5,ASDD08-05,CORE,0.025,0.375,0.0004,,172.80,550869.69,4518391.94,861.13
ASDD08,173.3,174.3,1,ASDD08-06,CORE,0.025,0.375,0.0005,,173.30,550869.43,4518391.70,860.77
ASDD08,174.3,175.3,1,ASDD08-07,CORE,0.025,0.375,0.0004,,174.30,550868.91,4518391.21,860.07
ASDD08,175.3,176,0.7,ASDD08-179,CORE,0.025,5,0.0063,0.0057,175.30,550868.39,4518390.73,859.37
ASDD08,176,178,2,ASDD08-180,CORE,0.025,5,0.0075,0.0082,176.00,550868.03,4518390.39,858.88
ASDD08,178,180,2,ASDD08-181,CORE,0.025,5,0.0037,0.0038,178.00,550866.98,4518389.42,857.47
ASDD08,180,182,2,ASDD08-183,CORE,0.025,5,0.004,0.0116,180.00,550865.94,4518388.45,856.07
ASDD08,182,184,2,ASDD08-184,CORE,0.025,5,0.0046,0.0126,182.00,550864.90,4518387.48,854.67
ASDD08,184,186,2,ASDD08-185,CORE,0.025,5,0.0033,0.0087,184.00,550863.85,4518386.51,853.26
ASDD08,186,188,2,ASDD08-186,CORE,0.025,5,0.0039,0.0055,186.00,550862.81,4518385.54,851.86
ASDD08,188,190,2,ASDD08-187,CORE,0.025,5,0.0025,0.0041,188.00,550861.77,4518384.57,850.45
ASDD08,190,191.8,1.8,ASDD08-188,CORE,0.025,5,0.0051,0.0035,190.00,550860.72,4518383.61,849.05
ASDD08,191.8,192,0.2,ASDD08-189,CORE,0.025,5,0.0032,0.002,191.80,550859.78,4518382.73,847.78
ASDD08,192,194,2,ASDD08-190,CORE,0.025,5,0.0027,0.0033,192.00,550859.68,4518382.64,847.64
ASDD08,194,195.3,1.3,ASDD08-191,CORE,0.025,5,0.0055,0.0027,194.00,550858.64,4518381.67,846.24
ASDD08,195.3,197.3,2,ASDD08-32,CORE,0.025,0.375,0.0003,,195.30,550857.96,4518381.04,845.33
ASDD08,197.3,198.35,1.05,ASDD08-33,CORE,0.025,0.375,0.0006,,197.30,550856.92,4518380.07,843.92
ASDD08,198.35,199.1,0.75,ASDD08-34,CORE,0.025,0.375,0.0008,,198.35,550856.37,4518379.56,843.19
ASDD08,199.1,199.5,0.4,ASDD08-35,CORE,0.025,0.375,0.0005,,199.10,550855.98,4518379.19,842.66
ASDD08,199.5,201.3,1.8,ASDD08-36,CORE,0.025,0.012,0.0025,,199.50,550855.77,4518379.00,842.38
ASDD08,201.3,203.3,2,ASDD08-37,CORE,0.025,0.42,0.0001,,201.30,550854.83,4518378.13,841.11
ASDD08,203.3,205.65,2.35,ASDD08-193,CORE,0.025,5,0.0066,0.0044,203.30,550853.79,4518377.16,839.71
ASDD08,205.65,206,0.35,ASDD08-194,CORE,0.025,5,0.0096,0.0057,205.65,550852.56,4518376.02,838.06
ASDD08,206,206.3,0.3,ASDD08-195,CORE,0.025,5,0.005,0.0082,206.00,550852.38,4518375.85,837.81
ASDD08,206.3,206.6,0.3,ASDD08-196,CORE,0.025,5,0.007,0.0048,206.30,550852.22,4518375.70,837.60
ASDD08,206.6,208.7,2.1,ASDD08-197,CORE,0.025,5,0.0057,0.0068,206.60,550852.07,4518375.56,837.39
ASDD08,208.7,210,1.3,ASDD08-198,CORE,0.025,5,0.0074,0.0074,208.70,550850.97,4518374.54,835.92
ASDD08,210,211.3,1.3,ASDD08-199,CORE,0.025,5,0.0192,0.0096,210.00,550850.29,4518373.91,835.01
ASDD08,211.3,212.7,1.4,ASDD08-38,CORE,0.056,0.54,0.0068,,211.30,550849.61,4518373.28,834.09
ASDD08,212.7,213.9,1.2,ASDD08-39,CORE,0.025,0.018,0.0016,,212.70,550848.88,4518372.60,833.11
ASDD08,213.9,215.3,1.4,ASDD08-40,CORE,0.025,0.096,0.0056,,213.90,550848.26,4518372.02,832.27
ASDD08,215.3,217,1.7,ASDD08-200,CORE,0.025,5,0.0088,0.0044,215.30,550847.53,4518371.34,831.28
ASDD08,217,219,2,ASDD08-201,CORE,0.025,5,0.0052,0.0026,217.00,550846.64,4518370.52,830.09
ASDD08,219,220,1,ASDD08-203,CORE,0.025,5,0.0065,0.0033,219.00,550845.60,4518369.55,828.69
ASDD08,220,221.7,1.7,ASDD08-204,CORE,0.025,5,0.0067,0.0034,220.00,550845.08,4518369.06,827.98
ASDD08,221.7,222,0.3,ASDD08-205,CORE,0.025,5,0.0044,0.0047,221.70,550844.19,4518368.24,826.79
ASDD08,222,222.4,0.4,ASDD08-206,CORE,0.025,5,0.005,0.0044,222.00,550844.03,4518368.10,826.58
ASDD08,222.4,223,0.6,ASDD08-207,CORE,0.025,5,0.0047,0.0043,222.40,550843.82,4518367.90,826.30
ASDD08,223,224.9,1.9,ASDD08-208,CORE,0.025,5,0.0047,0.005,223.00,550843.51,4518367.61,825.88
ASDD08,224.9,225,0.1,ASDD08-209,CORE,0.025,5,0.0077,0.0055,224.90,550842.52,4518366.69,824.54
ASDD08,225,226,1,ASDD08-210,CORE,0.025,5,0.0073,0.0043,225.00,550842.47,4518366.64,824.47
ASDD08,226,228,2,ASDD08-211,CORE,0.025,5,0.0079,0.0107,226.00,550841.95,4518366.16,823.77
ASDD08,228,230,2,ASDD08-213,CORE,0.025,5,0.0192,0.0084,228.00,550840.90,4518365.19,822.37
ASDD08,230,232,2,ASDD08-214,CORE,0.025,5,0.0089,0.0043,230.00,550839.86,4518364.22,820.96
ASDD08,232,234,2,ASDD08-215,CORE,0.025,5,0.0097,0.0072,232.00,550838.82,4518363.25,819.56
ASDD08,234,236,2,ASDD08-216,CORE,0.025,5,0.0123,0.0072,234.00,550837.77,4518362.28,818.15
ASDD08,236,238,2,ASDD08-217,CORE,0.025,5,0.0075,0.0044,236.00,550836.73,4518361.31,816.75
ASDD08,238,239.35,1.35,ASDD08-218,CORE,0.025,5,0.0073,0.0048,238.00,550835.69,4518360.34,815.35
ASDD08,239.35,241.1,1.75,ASDD08-219,CORE,0.025,5,0.0071,0.003,239.35,550834.98,4518359.69,814.40
ASDD08,241.1,242,0.9,ASDD08-220,CORE,0.025,5,0.0102,0.0061,241.10,550834.07,4518358.84,813.17
ASDD08,242,243,1,ASDD08-221,CORE,0.025,5,0.0086,0.006,242.00,550833.60,4518358.40,812.54
ASDD08,243,245,2,ASDD08-223,CORE,0.025,5,0.0068,0.0081,243.00,550833.08,4518357.92,811.83
ASDD08,245,246.5,1.5,ASDD08-224,CORE,0.025,5,0.0105,0.0048,245.00,550832.04,4518356.95,810.43
ASDD08,246.5,248,1.5,ASDD08-225,CORE,0.025,5,0.0171,0.0026,246.50,550831.25,4518356.22,809.38
ASDD08,248,250,2,ASDD08-226,CORE,0.025,5,0.0157,0.0037,248.00,550830.47,4518355.49,808.32
ASDD08,250,252.3,2.3,ASDD08-227,CORE,0.025,5,0.0066,0.0028,250.00,550829.43,4518354.52,806.92
ASDD08,252.3,254,1.7,ASDD08-228,CORE,0.025,5,0.0059,0.0025,252.30,550828.23,4518353.41,805.30
ASDD08,254,255.3,1.3,ASDD08-229,CORE,0.025,5,0.0048,0.002,254.00,550827.34,4518352.58,804.11
ASDD08,255.3,257.3,2,ASDD08-41,CORE,0.025,0.558,0.0001,,255.30,550826.66,4518351.95,803.20
ASDD08,257.3,257.9,0.6,ASDD08-42,CORE,0.025,0.018,0.0001,,257.30,550825.62,4518350.99,801.79
ASDD08,257.9,258.5,0.6,ASDD08-43,CORE,0.025,0.012,0.0046,,257.90,550825.31,4518350.69,801.37
ASDD08,258.5,259.45,0.95,ASDD08-44,CORE,0.025,0.024,0.0002,,258.50,550824.99,4518350.40,800.95
ASDD08,259.45,259.65,0.2,ASDD08-45,CORE,0.025,0.096,0.0001,,259.45,550824.50,4518349.94,800.28
ASDD08,259.65,261.3,1.65,ASDD08-46,CORE,0.067,0.12,0.0001,,259.65,550824.39,4518349.85,800.14
ASDD08,261.3,263,1.7,ASDD08-47,CORE,0.025,0.126,0.0001,,261.30,550823.53,4518349.05,798.98
ASDD08,263,263.3,0.3,ASDD08-48,CORE,0.025,0.108,0.0205,,263.00,550822.65,4518348.22,797.79
ASDD08,263.3,263.55,0.25,ASDD08-49,CORE,0.025,0.576,0.0001,,263.30,550822.49,4518348.08,797.58
ASDD08,263.55,263.65,0.1,ASDD08-50,CORE,0.025,0.252,0.0076,,263.55,550822.36,4518347.96,797.41
ASDD08,263.65,264.2,0.55,ASDD08-51,CORE,0.025,0.12,0.0001,,263.65,550822.31,4518347.91,797.33
ASDD08,264.2,264.35,0.15,ASDD08-52,CORE,0.025,0.546,0.0014,,264.20,550822.02,4518347.64,796.95
ASDD08,264.35,265,0.65,ASDD08-53,CORE,0.025,0.522,0.0045,,264.35,550821.94,4518347.57,796.84
ASDD08,265,265.1,0.1,ASDD08-54,CORE,0.025,0.228,0.0001,,265.00,550821.60,4518347.25,796.39
ASDD08,265.1,265.8,0.7,ASDD08-55,CORE,0.025,0.084,0.0001,,265.10,550821.55,4518347.20,796.32
ASDD08,265.8,266,0.2,ASDD08-56,CORE,0.025,0.276,0.0001,,265.80,550821.19,4518346.87,795.83
ASDD08,266,266.3,0.3,ASDD08-57,CORE,0.025,0.186,0.0001,,266.00,550821.08,4518346.77,795.68
ASDD08,266.3,266.6,0.3,ASDD08-58,CORE,0.025,0.066,0.0001,,266.30,550820.93,4518346.62,795.47
ASDD08,266.6,267.7,1.1,ASDD08-59,CORE,0.056,0.018,0.0001,,266.60,550820.77,4518346.48,795.26
ASDD08,267.7,268,0.3,ASDD08-60,CORE,0.025,0.372,0.0001,,267.70,550820.20,4518345.94,794.49
ASDD08,268,268.2,0.2,ASDD08-61,CORE,0.025,0.072,0.0001,,268.00,550820.04,4518345.80,794.28
ASDD08,268.2,268.5,0.3,ASDD08-62,CORE,0.025,0.516,0.0001,,268.20,550819.94,4518345.70,794.14
ASDD08,268.5,268.8,0.3,ASDD08-63,CORE,0.056,0.186,0.0001,,268.50,550819.78,4518345.56,793.93
ASDD08,268.8,270.3,1.5,ASDD08-64,CORE,0.025,0.306,0.0001,,268.80,550819.62,4518345.41,793.72
ASDD08,270.3,271,0.7,ASDD08-230,CORE,0.025,5,0.0088,0.0069,270.30,550818.84,4518344.68,792.67
ASDD08,271,272.2,1.2,ASDD08-231,CORE,0.025,5,0.0079,0.0055,271.00,550818.47,4518344.35,792.17
ASDD08,272.2,272.65,0.45,ASDD08-233,CORE,0.025,5,0.0124,0.0123,272.20,550817.85,4518343.76,791.33
ASDD08,272.65,272.75,0.1,ASDD08-234,CORE,0.025,5,0.0122,0.0276,272.65,550817.61,4518343.55,791.02
ASDD08,272.75,272.85,0.1,ASDD08-235,CORE,0.025,5,0.0107,0.0065,272.75,550817.56,4518343.50,790.95
ASDD08,272.85,274,1.15,ASDD08-236,CORE,0.025,5,0.0076,0.0064,272.85,550817.51,4518343.45,790.88
ASDD08,274,276,2,ASDD08-237,CORE,0.025,5,0.0075,0.0042,274.00,550816.91,4518342.89,790.07
ASDD08,276,278.2,2.2,ASDD08-238,CORE,0.025,5,0.0067,0.0055,276.00,550815.87,4518341.92,788.66
ASDD08,278.2,280,1.8,ASDD08-239,CORE,0.025,5,0.0095,0.0063,278.20,550814.72,4518340.86,787.12
ASDD08,280,282,2,ASDD08-240,CORE,0.025,5,0.0188,0.0051,280.00,550813.78,4518339.98,785.85
ASDD08,282,284,2,ASDD08-241,CORE,0.025,5,0.0117,0.0076,282.00,550812.74,4518339.01,784.45
ASDD08,284,286,2,ASDD08-243,CORE,0.025,5,0.0167,0.0089,284.00,550811.69,4518338.04,783.05
ASDD08,286,288,2,ASDD08-244,CORE,0.025,5,0.0126,0.0079,286.00,550810.65,4518337.07,781.64
ASDD08,288,290,2,ASDD08-245,CORE,0.025,5,0.0109,0.0074,288.00,550809.61,4518336.11,780.24
ASDD08,290,291.3,1.3,ASDD08-246,CORE,0.025,5,0.0138,0.0096,290.00,550808.56,4518335.14,778.83
ASDD08,291.3,292.3,1,ASDD08-65,CORE,0.025,0.54,0.0032,,291.30,550807.89,4518334.51,777.92
ASDD08,292.3,293.3,1,ASDD08-66,CORE,0.04,0.246,0.0001,,292.30,550807.36,4518334.02,777.22
ASDD08,293.3,295.3,2,ASDD08-67,CORE,0.025,0.354,0.0014,,293.30,550806.84,4518333.54,776.52
ASDD08,295.3,296,0.7,ASDD08-68,CORE,0.06,0.288,0.0005,,295.30,550805.80,4518332.57,775.11
ASDD08,296,296.85,0.85,ASDD08-69,CORE,0.025,0.396,0.0001,,296.00,550805.44,4518332.23,774.62
ASDD08,296.85,297.15,0.3,ASDD08-70,CORE,0.025,0.426,0.0001,,296.85,550804.99,4518331.82,774.02
ASDD08,297.15,297.75,0.6,ASDD08-71,CORE,0.025,0.366,0.004,,297.15,550804.84,4518331.67,773.81
ASDD08,297.75,298.25,0.5,ASDD08-72,CORE,0.025,0.12,0.0017,,297.75,550804.52,4518331.38,773.39
ASDD08,298.25,298.5,0.25,ASDD08-73,CORE,0.025,0.396,0.0001,,298.25,550804.26,4518331.14,773.04
ASDD08,298.5,299.3,0.8,ASDD08-74,CORE,0.05,1.116,0.0098,,298.50,550804.13,4518331.02,772.86
ASDD08,299.3,301,1.7,ASDD08-75,CORE,0.025,0.246,0.0093,,299.30,550803.71,4518330.63,772.30
ASDD08,301,302.3,1.3,ASDD08-76,CORE,0.025,0.15,0.002,,301.00,550802.83,4518329.80,771.11
ASDD08,302.3,304,1.7,ASDD08-247,CORE,0.025,5,0.0084,0.0073,302.30,550802.15,4518329.17,770.20
ASDD08,304,305,1,ASDD08-248,CORE,0.025,5,0.0102,0.0075,304.00,550801.26,4518328.35,769.00
ASDD08,305,306.7,1.7,ASDD08-249,CORE,0.025,5,0.0249,0.0092,305.00,550800.74,4518327.87,768.30
ASDD08,306.7,308,1.3,ASDD08-250,CORE,0.025,5,0.0209,0.007,306.70,550799.85,4518327.04,767.11
ASDD08,308,310,2,ASDD08-251,CORE,0.025,12,0.0275,0.0069,308.00,550799.18,4518326.41,766.19
ASDD08,310,312,2,ASDD08-253,CORE,0.025,5,0.0247,0.0031,310.00,550798.13,4518325.44,764.79
ASDD08,312,314,2,ASDD08-254,CORE,0.025,5,0.0162,0.0084,312.00,550797.09,4518324.47,763.39
ASDD08,314,314.7,0.7,ASDD08-255,CORE,0.025,5,0.0197,0.0061,314.00,550796.05,4518323.50,761.98
ASDD08,314.7,316,1.3,ASDD08-256,CORE,0.025,5,0.0216,0.008,314.70,550795.68,4518323.16,761.49
ASDD08,316,318,2,ASDD08-257,CORE,0.025,5,0.0248,0.0104,316.00,550795.00,4518322.53,760.58
ASDD08,318,320,2,ASDD08-258,CORE,0.025,5,0.0201,0.0109,318.00,550793.96,4518321.56,759.17
ASDD08,320,322,2,ASDD08-259,CORE,0.025,5,0.0164,0.0081,320.00,550792.92,4518320.60,757.77
ASDD08,322,324,2,ASDD08-260,CORE,0.025,5,0.0123,0.0034,322.00,550791.87,4518319.63,756.36
ASDD08,324,326,2,ASDD08-261,CORE,0.025,5,0.0143,0.0069,324.00,550790.83,4518318.66,754.96
ASDD08,326,326.9,0.9,ASDD08-263,CORE,0.025,5,0.0169,0.0065,326.00,550789.79,4518317.69,753.56
ASDD08,326.9,329,2.1,ASDD08-264,CORE,0.025,5,0.0191,0.0057,326.90,550789.32,4518317.25,752.92
ASDD08,329,329.3,0.3,ASDD08-265,CORE,0.025,5,0.0149,0.0052,329.00,550788.22,4518316.23,751.45
ASDD08,329.3,330,0.7,ASDD08-266,CORE,0.025,5,0.0256,0.0103,329.30,550788.07,4518316.09,751.24
ASDD08,330,332,2,ASDD08-267,CORE,0.025,5,0.023,0.009,330.00,550787.70,4518315.75,750.75
ASDD08,332,332.8,0.8,ASDD08-268,CORE,0.025,5,0.0137,0.0049,332.00,550786.66,4518314.78,749.34
ASDD08,332.8,333.3,0.5,ASDD08-269,CORE,0.025,5,0.015,0.0033,332.80,550786.24,4518314.39,748.78
ASDD08,333.3,334,0.7,ASDD08-270,CORE,0.025,5,0.0191,0.0051,333.30,550785.98,4518314.15,748.43
